Date,Loop,Whitesheet Filename,Whitesheet Entry Number,Time,Latitude,Longitude,join_Name,join_descriptio,join_timestamp,join_begin,join_end,join_altitudeMo,join_tessellate,join_extrude,join_visibility,join_drawOrder,join_icon,join_snippet,distance
6/3/21,"2",DSCN2513,"1","1020",0.468911959,36.85907079,Stream/Seasonal Channel,"<html xmlns:fo=""http://www.w3.org/1999/XSL/Format"" xmlns:msxsl=""urn:schemas-microsoft-com:xslt"">

<head>

<META http-equiv=""Content-Type"" content=""text/html"">

</head>

<body style=""margin:0px 0px 0px 0px;overflow:auto;background:#FFFFFF;"">

<table style",,,,,"-1","0","-1",,,,0.00537790497980202
6/3/21,"2",DSCN2513,"2","1025",0.47077494,36.85956264,Stream/Seasonal Channel,"<html xmlns:fo=""http://www.w3.org/1999/XSL/Format"" xmlns:msxsl=""urn:schemas-microsoft-com:xslt"">

<head>

<META http-equiv=""Content-Type"" content=""text/html"">

</head>

<body style=""margin:0px 0px 0px 0px;overflow:auto;background:#FFFFFF;"">

<table style",,,,,"-1","0","-1",,,,0.00386227891447237
6/3/21,"2",DSCN2513,"3","1046",0.472146249,36.85981476,Stream/Seasonal Channel,"<html xmlns:fo=""http://www.w3.org/1999/XSL/Format"" xmlns:msxsl=""urn:schemas-microsoft-com:xslt"">

<head>

<META http-equiv=""Content-Type"" content=""text/html"">

</head>

<body style=""margin:0px 0px 0px 0px;overflow:auto;background:#FFFFFF;"">

<table style",,,,,"-1","0","-1",,,,0.00316676215993354
6/3/21,"2",DSCN2513,"3","1046",0.472146249,36.85981476,Stream/Seasonal Channel,"<html xmlns:fo=""http://www.w3.org/1999/XSL/Format"" xmlns:msxsl=""urn:schemas-microsoft-com:xslt"">

<head>

<META http-equiv=""Content-Type"" content=""text/html"">

</head>

<body style=""margin:0px 0px 0px 0px;overflow:auto;background:#FFFFFF;"">

<table style",,,,,"-1","0","-1",,,,0.00316676215993354
6/3/21,"2",DSCN2514,"1","1055",0.476648303,36.85996747,Stream/Seasonal Channel,"<html xmlns:fo=""http://www.w3.org/1999/XSL/Format"" xmlns:msxsl=""urn:schemas-microsoft-com:xslt"">

<head>

<META http-equiv=""Content-Type"" content=""text/html"">

</head>

<body style=""margin:0px 0px 0px 0px;overflow:auto;background:#FFFFFF;"">

<table style",,,,,"-1","0","-1",,,,0.00269887725212382
6/3/21,"2",DSCN2514,"1","1055",0.476648303,36.85996747,Stream/Seasonal Channel,"<html xmlns:fo=""http://www.w3.org/1999/XSL/Format"" xmlns:msxsl=""urn:schemas-microsoft-com:xslt"">

<head>

<META http-equiv=""Content-Type"" content=""text/html"">

</head>

<body style=""margin:0px 0px 0px 0px;overflow:auto;background:#FFFFFF;"">

<table style",,,,,"-1","0","-1",,,,0.00269887725212382
6/3/21,"2",DSCN2514,"2","1103",0.478243289,36.8614674,Stream/Seasonal Channel,"<html xmlns:fo=""http://www.w3.org/1999/XSL/Format"" xmlns:msxsl=""urn:schemas-microsoft-com:xslt"">

<head>

<META http-equiv=""Content-Type"" content=""text/html"">

</head>

<body style=""margin:0px 0px 0px 0px;overflow:auto;background:#FFFFFF;"">

<table style",,,,,"-1","0","-1",,,,0.00130591437327313
6/3/21,"2",DSCN2514,"3","1116",0.470072435,36.86202857,Stream/Seasonal Channel,"<html xmlns:fo=""http://www.w3.org/1999/XSL/Format"" xmlns:msxsl=""urn:schemas-microsoft-com:xslt"">

<head>

<META http-equiv=""Content-Type"" content=""text/html"">

</head>

<body style=""margin:0px 0px 0px 0px;overflow:auto;background:#FFFFFF;"">

<table style",,,,,"-1","0","-1",,,,0.0027299166734755
6/3/21,"2",DSCN2515,"1","1126",0.478855584,36.86247627,Stream/Seasonal Channel,"<html xmlns:fo=""http://www.w3.org/1999/XSL/Format"" xmlns:msxsl=""urn:schemas-microsoft-com:xslt"">

<head>

<META http-equiv=""Content-Type"" content=""text/html"">

</head>

<body style=""margin:0px 0px 0px 0px;overflow:auto;background:#FFFFFF;"">

<table style",,,,,"-1","0","-1",,,,0.000423811218868154
6/3/21,"2",DSCN2515,"2","1137",0.04600112,36.85658199,River,"<html xmlns:fo=""http://www.w3.org/1999/XSL/Format"" xmlns:msxsl=""urn:schemas-microsoft-com:xslt"">

<head>

<META http-equiv=""Content-Type"" content=""text/html"">

</head>

<body style=""margin:0px 0px 0px 0px;overflow:auto;background:#FFFFFF;"">

<table style",,,,,"-1","0","-1",,,,0.208812657976556
6/3/21,"2",DSCN2515,"3","1148",0.50163067,36.85006329,Stream/Seasonal Channel,"<html xmlns:fo=""http://www.w3.org/1999/XSL/Format"" xmlns:msxsl=""urn:schemas-microsoft-com:xslt"">

<head>

<META http-equiv=""Content-Type"" content=""text/html"">

</head>

<body style=""margin:0px 0px 0px 0px;overflow:auto;background:#FFFFFF;"">

<table style",,,,,"-1","0","-1",,,,0.00276205050649142
6/3/21,"2",DSCN2516,"1","1158",0.497019943,36.83998142,Stream/Seasonal Channel,"<html xmlns:fo=""http://www.w3.org/1999/XSL/Format"" xmlns:msxsl=""urn:schemas-microsoft-com:xslt"">

<head>

<META http-equiv=""Content-Type"" content=""text/html"">

</head>

<body style=""margin:0px 0px 0px 0px;overflow:auto;background:#FFFFFF;"">

<table style",,,,,"-1","0","-1",,,,0.00399358052975585
6/3/21,"2",DSCN2516,"2","1302",0.47880626,36.84758671,Stream/Seasonal Channel,"<html xmlns:fo=""http://www.w3.org/1999/XSL/Format"" xmlns:msxsl=""urn:schemas-microsoft-com:xslt"">

<head>

<META http-equiv=""Content-Type"" content=""text/html"">

</head>

<body style=""margin:0px 0px 0px 0px;overflow:auto;background:#FFFFFF;"">

<table style",,,,,"-1","0","-1",,,,0.00208066316433676
6/3/21,"2",DSCN2516,"3","1314",0.481024214,36.8440771,Stream/Seasonal Channel,"<html xmlns:fo=""http://www.w3.org/1999/XSL/Format"" xmlns:msxsl=""urn:schemas-microsoft-com:xslt"">

<head>

<META http-equiv=""Content-Type"" content=""text/html"">

</head>

<body style=""margin:0px 0px 0px 0px;overflow:auto;background:#FFFFFF;"">

<table style",,,,,"-1","0","-1",,,,2.30126652609131e-05
6/3/21,"2",DSCN2516,"3","1314",0.481024214,36.8440771,Stream/Seasonal Channel,"<html xmlns:fo=""http://www.w3.org/1999/XSL/Format"" xmlns:msxsl=""urn:schemas-microsoft-com:xslt"">

<head>

<META http-equiv=""Content-Type"" content=""text/html"">

</head>

<body style=""margin:0px 0px 0px 0px;overflow:auto;background:#FFFFFF;"">

<table style",,,,,"-1","0","-1",,,,2.30126652609131e-05
6/3/21,"2",DSCN2517,"1","1322",0.483220847,36.8394061,Stream/Seasonal Channel,"<html xmlns:fo=""http://www.w3.org/1999/XSL/Format"" xmlns:msxsl=""urn:schemas-microsoft-com:xslt"">

<head>

<META http-equiv=""Content-Type"" content=""text/html"">

</head>

<body style=""margin:0px 0px 0px 0px;overflow:auto;background:#FFFFFF;"">

<table style",,,,,"-1","0","-1",,,,0.00164496312663359
6/3/21,"2",DSCN2517,"2","1328",0.48578593,36.83735492,Stream/Seasonal Channel,"<html xmlns:fo=""http://www.w3.org/1999/XSL/Format"" xmlns:msxsl=""urn:schemas-microsoft-com:xslt"">

<head>

<META http-equiv=""Content-Type"" content=""text/html"">

</head>

<body style=""margin:0px 0px 0px 0px;overflow:auto;background:#FFFFFF;"">

<table style",,,,,"-1","0","-1",,,,0.00485486934712231
6/3/21,"2",DSCN2517,"3","1345",0.501811998,36.85066333,Stream/Seasonal Channel,"<html xmlns:fo=""http://www.w3.org/1999/XSL/Format"" xmlns:msxsl=""urn:schemas-microsoft-com:xslt"">

<head>

<META http-equiv=""Content-Type"" content=""text/html"">

</head>

<body style=""margin:0px 0px 0px 0px;overflow:auto;background:#FFFFFF;"">

<table style",,,,,"-1","0","-1",,,,0.00337704148403709
6/3/21,"2",DSCN2518,"1","1404",0.474282615,36.84896837,Stream/Seasonal Channel,"<html xmlns:fo=""http://www.w3.org/1999/XSL/Format"" xmlns:msxsl=""urn:schemas-microsoft-com:xslt"">

<head>

<META http-equiv=""Content-Type"" content=""text/html"">

</head>

<body style=""margin:0px 0px 0px 0px;overflow:auto;background:#FFFFFF;"">

<table style",,,,,"-1","0","-1",,,,0.00105218924035341
6/4/21,"1",DSCN2507,"1","1025",0.452792203,36.83933094,Stream/Seasonal Channel,"<html xmlns:fo=""http://www.w3.org/1999/XSL/Format"" xmlns:msxsl=""urn:schemas-microsoft-com:xslt"">

<head>

<META http-equiv=""Content-Type"" content=""text/html"">

</head>

<body style=""margin:0px 0px 0px 0px;overflow:auto;background:#FFFFFF;"">

<table style",,,,,"-1","0","-1",,,,0.00261445420987886
6/4/21,"1",DSCN2507,"2","1045",0.477839068,36.82977621,Stream/Seasonal Channel,"<html xmlns:fo=""http://www.w3.org/1999/XSL/Format"" xmlns:msxsl=""urn:schemas-microsoft-com:xslt"">

<head>

<META http-equiv=""Content-Type"" content=""text/html"">

</head>

<body style=""margin:0px 0px 0px 0px;overflow:auto;background:#FFFFFF;"">

<table style",,,,,"-1","0","-1",,,,0.00308988532164002
6/4/21,"1",DSCN2507,"3","1102",0.482575779,36.83464424,Stream/Seasonal Channel,"<html xmlns:fo=""http://www.w3.org/1999/XSL/Format"" xmlns:msxsl=""urn:schemas-microsoft-com:xslt"">

<head>

<META http-equiv=""Content-Type"" content=""text/html"">

</head>

<body style=""margin:0px 0px 0px 0px;overflow:auto;background:#FFFFFF;"">

<table style",,,,,"-1","0","-1",,,,0.004965210481382
6/4/21,"1",DSCN2507,"3","1102",0.482575779,36.83464424,Stream/Seasonal Channel,"<html xmlns:fo=""http://www.w3.org/1999/XSL/Format"" xmlns:msxsl=""urn:schemas-microsoft-com:xslt"">

<head>

<META http-equiv=""Content-Type"" content=""text/html"">

</head>

<body style=""margin:0px 0px 0px 0px;overflow:auto;background:#FFFFFF;"">

<table style",,,,,"-1","0","-1",,,,0.004965210481382
6/4/21,"1",DSCN2509,"1","1119",0.482913156,36.84354778,Stream/Seasonal Channel,"<html xmlns:fo=""http://www.w3.org/1999/XSL/Format"" xmlns:msxsl=""urn:schemas-microsoft-com:xslt"">

<head>

<META http-equiv=""Content-Type"" content=""text/html"">

</head>

<body style=""margin:0px 0px 0px 0px;overflow:auto;background:#FFFFFF;"">

<table style",,,,,"-1","0","-1",,,,0.000342557978335637
6/4/21,"1",DSCN2509,"2","1128",0.470724828,36.84041488,Stream/Seasonal Channel,"<html xmlns:fo=""http://www.w3.org/1999/XSL/Format"" xmlns:msxsl=""urn:schemas-microsoft-com:xslt"">

<head>

<META http-equiv=""Content-Type"" content=""text/html"">

</head>

<body style=""margin:0px 0px 0px 0px;overflow:auto;background:#FFFFFF;"">

<table style",,,,,"-1","0","-1",,,,0.00335302744933638
6/4/21,"1",DSCN2509,"3","1138",0.47000135,36.83922024,Stream/Seasonal Channel,"<html xmlns:fo=""http://www.w3.org/1999/XSL/Format"" xmlns:msxsl=""urn:schemas-microsoft-com:xslt"">

<head>

<META http-equiv=""Content-Type"" content=""text/html"">

</head>

<body style=""margin:0px 0px 0px 0px;overflow:auto;background:#FFFFFF;"">

<table style",,,,,"-1","0","-1",,,,0.00457834092877255
6/4/21,"1",DSCN2509,"3","1138",0.47000135,36.83922024,Stream/Seasonal Channel,"<html xmlns:fo=""http://www.w3.org/1999/XSL/Format"" xmlns:msxsl=""urn:schemas-microsoft-com:xslt"">

<head>

<META http-equiv=""Content-Type"" content=""text/html"">

</head>

<body style=""margin:0px 0px 0px 0px;overflow:auto;background:#FFFFFF;"">

<table style",,,,,"-1","0","-1",,,,0.00457834092877255
6/4/21,"1",DSCN2510,"1","1148",0.469732218,36.83658387,Stream/Seasonal Channel,"<html xmlns:fo=""http://www.w3.org/1999/XSL/Format"" xmlns:msxsl=""urn:schemas-microsoft-com:xslt"">

<head>

<META http-equiv=""Content-Type"" content=""text/html"">

</head>

<body style=""margin:0px 0px 0px 0px;overflow:auto;background:#FFFFFF;"">

<table style",,,,,"-1","0","-1",,,,0.00697252405515793
6/4/21,"1",DSCN2510,"2","1203",0.450930767,36.84259335,Stream/Seasonal Channel,"<html xmlns:fo=""http://www.w3.org/1999/XSL/Format"" xmlns:msxsl=""urn:schemas-microsoft-com:xslt"">

<head>

<META http-equiv=""Content-Type"" content=""text/html"">

</head>

<body style=""margin:0px 0px 0px 0px;overflow:auto;background:#FFFFFF;"">

<table style",,,,,"-1","0","-1",,,,0.0011411696853032
6/4/21,"1",DSCN2510,"3","1215",0.466200303,36.84099728,Stream/Seasonal Channel,"<html xmlns:fo=""http://www.w3.org/1999/XSL/Format"" xmlns:msxsl=""urn:schemas-microsoft-com:xslt"">

<head>

<META http-equiv=""Content-Type"" content=""text/html"">

</head>

<body style=""margin:0px 0px 0px 0px;overflow:auto;background:#FFFFFF;"">

<table style",,,,,"-1","0","-1",,,,0.00266092848620768
6/4/21,"1",DSCN2511,"1","1221",0.468424706,36.84108245,Stream/Seasonal Channel,"<html xmlns:fo=""http://www.w3.org/1999/XSL/Format"" xmlns:msxsl=""urn:schemas-microsoft-com:xslt"">

<head>

<META http-equiv=""Content-Type"" content=""text/html"">

</head>

<body style=""margin:0px 0px 0px 0px;overflow:auto;background:#FFFFFF;"">

<table style",,,,,"-1","0","-1",,,,0.00292020749218927
6/4/21,"1",DSCN2511,"2","1227",0.47868424,36.84296581,Stream/Seasonal Channel,"<html xmlns:fo=""http://www.w3.org/1999/XSL/Format"" xmlns:msxsl=""urn:schemas-microsoft-com:xslt"">

<head>

<META http-equiv=""Content-Type"" content=""text/html"">

</head>

<body style=""margin:0px 0px 0px 0px;overflow:auto;background:#FFFFFF;"">

<table style",,,,,"-1","0","-1",,,,0.00147449215162114
6/4/21,"1",DSCN2511,"3","1234",0.473806177,36.84896161,Stream/Seasonal Channel,"<html xmlns:fo=""http://www.w3.org/1999/XSL/Format"" xmlns:msxsl=""urn:schemas-microsoft-com:xslt"">

<head>

<META http-equiv=""Content-Type"" content=""text/html"">

</head>

<body style=""margin:0px 0px 0px 0px;overflow:auto;background:#FFFFFF;"">

<table style",,,,,"-1","0","-1",,,,0.0010568876635515
6/4/21,"1",DSCN2512,"1","1244",0.466227576,36.8506015,Stream/Seasonal Channel,"<html xmlns:fo=""http://www.w3.org/1999/XSL/Format"" xmlns:msxsl=""urn:schemas-microsoft-com:xslt"">

<head>

<META http-equiv=""Content-Type"" content=""text/html"">

</head>

<body style=""margin:0px 0px 0px 0px;overflow:auto;background:#FFFFFF;"">

<table style",,,,,"-1","0","-1",,,,0.000555912504317371
6/4/21,"1",DSCN2512,"2","1251",0.462679441,36.84788225,Stream/Seasonal Channel,"<html xmlns:fo=""http://www.w3.org/1999/XSL/Format"" xmlns:msxsl=""urn:schemas-microsoft-com:xslt"">

<head>

<META http-equiv=""Content-Type"" content=""text/html"">

</head>

<body style=""margin:0px 0px 0px 0px;overflow:auto;background:#FFFFFF;"">

<table style",,,,,"-1","0","-1",,,,0.00382105439569442
6/4/21,"1",DSCN2512,"2","1251",0.462679441,36.84788225,Stream/Seasonal Channel,"<html xmlns:fo=""http://www.w3.org/1999/XSL/Format"" xmlns:msxsl=""urn:schemas-microsoft-com:xslt"">

<head>

<META http-equiv=""Content-Type"" content=""text/html"">

</head>

<body style=""margin:0px 0px 0px 0px;overflow:auto;background:#FFFFFF;"">

<table style",,,,,"-1","0","-1",,,,0.00382105439569442
6/4/21,"1",DSCN2512,"3","1315",0.462613257,36.84806615,Stream/Seasonal Channel,"<html xmlns:fo=""http://www.w3.org/1999/XSL/Format"" xmlns:msxsl=""urn:schemas-microsoft-com:xslt"">

<head>

<META http-equiv=""Content-Type"" content=""text/html"">

</head>

<body style=""margin:0px 0px 0px 0px;overflow:auto;background:#FFFFFF;"">

<table style",,,,,"-1","0","-1",,,,0.00366180275901555
6/7/21,"1",DSCN2744,"1","1100",0.469817537,36.85597013,Stream/Seasonal Channel,"<html xmlns:fo=""http://www.w3.org/1999/XSL/Format"" xmlns:msxsl=""urn:schemas-microsoft-com:xslt"">

<head>

<META http-equiv=""Content-Type"" content=""text/html"">

</head>

<body style=""margin:0px 0px 0px 0px;overflow:auto;background:#FFFFFF;"">

<table style",,,,,"-1","0","-1",,,,0.0056697643543305
6/7/21,"1",DSCN2744,"2","1133",0.463384325,36.84910361,Stream/Seasonal Channel,"<html xmlns:fo=""http://www.w3.org/1999/XSL/Format"" xmlns:msxsl=""urn:schemas-microsoft-com:xslt"">

<head>

<META http-equiv=""Content-Type"" content=""text/html"">

</head>

<body style=""margin:0px 0px 0px 0px;overflow:auto;background:#FFFFFF;"">

<table style",,,,,"-1","0","-1",,,,0.00246065748890613
6/7/21,"1",DSCN2744,"3","1156",0.462712747,36.84819748,Stream/Seasonal Channel,"<html xmlns:fo=""http://www.w3.org/1999/XSL/Format"" xmlns:msxsl=""urn:schemas-microsoft-com:xslt"">

<head>

<META http-equiv=""Content-Type"" content=""text/html"">

</head>

<body style=""margin:0px 0px 0px 0px;overflow:auto;background:#FFFFFF;"">

<table style",,,,,"-1","0","-1",,,,0.00350851533898129
6/7/21,"1",DSCN2745,"1","1213",0.469371946,36.85240759,Stream/Seasonal Channel,"<html xmlns:fo=""http://www.w3.org/1999/XSL/Format"" xmlns:msxsl=""urn:schemas-microsoft-com:xslt"">

<head>

<META http-equiv=""Content-Type"" content=""text/html"">

</head>

<body style=""margin:0px 0px 0px 0px;overflow:auto;background:#FFFFFF;"">

<table style",,,,,"-1","0","-1",,,,0.00220594203841716
6/7/21,"1",DSCN2745,"2","1258",0.46055664,36.83395197,Stream/Seasonal Channel,"<html xmlns:fo=""http://www.w3.org/1999/XSL/Format"" xmlns:msxsl=""urn:schemas-microsoft-com:xslt"">

<head>

<META http-equiv=""Content-Type"" content=""text/html"">

</head>

<body style=""margin:0px 0px 0px 0px;overflow:auto;background:#FFFFFF;"">

<table style",,,,,"-1","0","-1",,,,0.00877638493404076
6/7/21,"1",DSCN2745,"3","1303",0.466059446,36.83595656,Stream/Seasonal Channel,"<html xmlns:fo=""http://www.w3.org/1999/XSL/Format"" xmlns:msxsl=""urn:schemas-microsoft-com:xslt"">

<head>

<META http-equiv=""Content-Type"" content=""text/html"">

</head>

<body style=""margin:0px 0px 0px 0px;overflow:auto;background:#FFFFFF;"">

<table style",,,,,"-1","0","-1",,,,0.00770314312668116
6/7/21,"1",DSCN2746,"1","1314",0.470322378,36.83921785,Stream/Seasonal Channel,"<html xmlns:fo=""http://www.w3.org/1999/XSL/Format"" xmlns:msxsl=""urn:schemas-microsoft-com:xslt"">

<head>

<META http-equiv=""Content-Type"" content=""text/html"">

</head>

<body style=""margin:0px 0px 0px 0px;overflow:auto;background:#FFFFFF;"">

<table style",,,,,"-1","0","-1",,,,0.00455251345625815
6/7/21,"1",DSCN2746,"2","1326",0.482998215,36.82700266,River,"<html xmlns:fo=""http://www.w3.org/1999/XSL/Format"" xmlns:msxsl=""urn:schemas-microsoft-com:xslt"">

<head>

<META http-equiv=""Content-Type"" content=""text/html"">

</head>

<body style=""margin:0px 0px 0px 0px;overflow:auto;background:#FFFFFF;"">

<table style",,,,,"-1","0","-1",,,,0.00544589790657665
6/7/21,"1",DSCN2746,"3","1404",0.460702646,36.83262721,Stream/Seasonal Channel,"<html xmlns:fo=""http://www.w3.org/1999/XSL/Format"" xmlns:msxsl=""urn:schemas-microsoft-com:xslt"">

<head>

<META http-equiv=""Content-Type"" content=""text/html"">

</head>

<body style=""margin:0px 0px 0px 0px;overflow:auto;background:#FFFFFF;"">

<table style",,,,,"-1","0","-1",,,,0.010081555153121
6/7/21,"2",DSCN2754,"1","1025",0.476369231,36.86187213,Stream/Seasonal Channel,"<html xmlns:fo=""http://www.w3.org/1999/XSL/Format"" xmlns:msxsl=""urn:schemas-microsoft-com:xslt"">

<head>

<META http-equiv=""Content-Type"" content=""text/html"">

</head>

<body style=""margin:0px 0px 0px 0px;overflow:auto;background:#FFFFFF;"">

<table style",,,,,"-1","0","-1",,,,0.000790227640784123
6/7/21,"2",DSCN2754,"2","1110",0.499373496,36.85224601,Stream/Seasonal Channel,"<html xmlns:fo=""http://www.w3.org/1999/XSL/Format"" xmlns:msxsl=""urn:schemas-microsoft-com:xslt"">

<head>

<META http-equiv=""Content-Type"" content=""text/html"">

</head>

<body style=""margin:0px 0px 0px 0px;overflow:auto;background:#FFFFFF;"">

<table style",,,,,"-1","0","-1",,,,0.0043440326635651
6/7/21,"2",DSCN2754,"2","1110",0.499373496,36.85224601,Stream/Seasonal Channel,"<html xmlns:fo=""http://www.w3.org/1999/XSL/Format"" xmlns:msxsl=""urn:schemas-microsoft-com:xslt"">

<head>

<META http-equiv=""Content-Type"" content=""text/html"">

</head>

<body style=""margin:0px 0px 0px 0px;overflow:auto;background:#FFFFFF;"">

<table style",,,,,"-1","0","-1",,,,0.0043440326635651
6/7/21,"2",DSCN2754,"3","1131",0.500721663,36.85005174,Stream/Seasonal Channel,"<html xmlns:fo=""http://www.w3.org/1999/XSL/Format"" xmlns:msxsl=""urn:schemas-microsoft-com:xslt"">

<head>

<META http-equiv=""Content-Type"" content=""text/html"">

</head>

<body style=""margin:0px 0px 0px 0px;overflow:auto;background:#FFFFFF;"">

<table style",,,,,"-1","0","-1",,,,0.00262037086366551
6/7/21,"2",DSCN2755,"1","1226",0.492809851,36.84799289,Stream/Seasonal Channel,"<html xmlns:fo=""http://www.w3.org/1999/XSL/Format"" xmlns:msxsl=""urn:schemas-microsoft-com:xslt"">

<head>

<META http-equiv=""Content-Type"" content=""text/html"">

</head>

<body style=""margin:0px 0px 0px 0px;overflow:auto;background:#FFFFFF;"">

<table style",,,,,"-1","0","-1",,,,0.000714718410575974
6/7/21,"2",DSCN2755,"2","1249",0.488408154,36.85745372,Stream/Seasonal Channel,"<html xmlns:fo=""http://www.w3.org/1999/XSL/Format"" xmlns:msxsl=""urn:schemas-microsoft-com:xslt"">

<head>

<META http-equiv=""Content-Type"" content=""text/html"">

</head>

<body style=""margin:0px 0px 0px 0px;overflow:auto;background:#FFFFFF;"">

<table style",,,,,"-1","0","-1",,,,0.00674911123705401
6/7/21,"2",DSCN2755,"3","1229",0.486544831,36.84900169,Stream/Seasonal Channel,"<html xmlns:fo=""http://www.w3.org/1999/XSL/Format"" xmlns:msxsl=""urn:schemas-microsoft-com:xslt"">

<head>

<META http-equiv=""Content-Type"" content=""text/html"">

</head>

<body style=""margin:0px 0px 0px 0px;overflow:auto;background:#FFFFFF;"">

<table style",,,,,"-1","0","-1",,,,0.00274808839026007
6/7/21,"2",DSCN2757,"1","1158",0.487940379,34.74379547,Stream/Seasonal Channel,"<html xmlns:fo=""http://www.w3.org/1999/XSL/Format"" xmlns:msxsl=""urn:schemas-microsoft-com:xslt"">

<head>

<META http-equiv=""Content-Type"" content=""text/html"">

</head>

<body style=""margin:0px 0px 0px 0px;overflow:auto;background:#FFFFFF;"">

<table style",,,,,"-1","0","-1",,,,1.98516155211094
6/7/21,"2",DSCN2757,"2","1209",0.480635235,36.84473683,Stream/Seasonal Channel,"<html xmlns:fo=""http://www.w3.org/1999/XSL/Format"" xmlns:msxsl=""urn:schemas-microsoft-com:xslt"">

<head>

<META http-equiv=""Content-Type"" content=""text/html"">

</head>

<body style=""margin:0px 0px 0px 0px;overflow:auto;background:#FFFFFF;"">

<table style",,,,,"-1","0","-1",,,,0.000619318061203102
6/7/21,"2",DSCN2757,"3","1216",0.481029653,36.84618201,Stream/Seasonal Channel,"<html xmlns:fo=""http://www.w3.org/1999/XSL/Format"" xmlns:msxsl=""urn:schemas-microsoft-com:xslt"">

<head>

<META http-equiv=""Content-Type"" content=""text/html"">

</head>

<body style=""margin:0px 0px 0px 0px;overflow:auto;background:#FFFFFF;"">

<table style",,,,,"-1","0","-1",,,,0.00210478414418545
6/7/21,"2",DSCN2758,"1","1318",0.481563793,36.84589527,Stream/Seasonal Channel,"<html xmlns:fo=""http://www.w3.org/1999/XSL/Format"" xmlns:msxsl=""urn:schemas-microsoft-com:xslt"">

<head>

<META http-equiv=""Content-Type"" content=""text/html"">

</head>

<body style=""margin:0px 0px 0px 0px;overflow:auto;background:#FFFFFF;"">

<table style",,,,,"-1","0","-1",,,,0.00191361208948394
6/8/21,"1",DSCN6080,"1","951",0.447381873,36.84068739,Stream/Seasonal Channel,"<html xmlns:fo=""http://www.w3.org/1999/XSL/Format"" xmlns:msxsl=""urn:schemas-microsoft-com:xslt"">

<head>

<META http-equiv=""Content-Type"" content=""text/html"">

</head>

<body style=""margin:0px 0px 0px 0px;overflow:auto;background:#FFFFFF;"">

<table style",,,,,"-1","0","-1",,,,0.00141246512814706
6/8/21,"1",DSCN6080,"1","951",0.447381873,36.84068739,Stream/Seasonal Channel,"<html xmlns:fo=""http://www.w3.org/1999/XSL/Format"" xmlns:msxsl=""urn:schemas-microsoft-com:xslt"">

<head>

<META http-equiv=""Content-Type"" content=""text/html"">

</head>

<body style=""margin:0px 0px 0px 0px;overflow:auto;background:#FFFFFF;"">

<table style",,,,,"-1","0","-1",,,,0.00141246512814706
6/8/21,"1",DSCN6080,"2","1025",0.460881632,36.83240176,Stream/Seasonal Channel,"<html xmlns:fo=""http://www.w3.org/1999/XSL/Format"" xmlns:msxsl=""urn:schemas-microsoft-com:xslt"">

<head>

<META http-equiv=""Content-Type"" content=""text/html"">

</head>

<body style=""margin:0px 0px 0px 0px;overflow:auto;background:#FFFFFF;"">

<table style",,,,,"-1","0","-1",,,,0.0103503384486175
6/8/21,"1",DSCN6080,"3","1051",0.478885207,36.84279846,Stream/Seasonal Channel,"<html xmlns:fo=""http://www.w3.org/1999/XSL/Format"" xmlns:msxsl=""urn:schemas-microsoft-com:xslt"">

<head>

<META http-equiv=""Content-Type"" content=""text/html"">

</head>

<body style=""margin:0px 0px 0px 0px;overflow:auto;background:#FFFFFF;"">

<table style",,,,,"-1","0","-1",,,,0.00165887154197342
6/8/21,"1",DSCN6081,"1","1106",0.451053681,36.84328489,Stream/Seasonal Channel,"<html xmlns:fo=""http://www.w3.org/1999/XSL/Format"" xmlns:msxsl=""urn:schemas-microsoft-com:xslt"">

<head>

<META http-equiv=""Content-Type"" content=""text/html"">

</head>

<body style=""margin:0px 0px 0px 0px;overflow:auto;background:#FFFFFF;"">

<table style",,,,,"-1","0","-1",,,,0.00120074468659618
6/8/21,"1",DSCN6081,"2","1126",0.46289419,36.85023041,Stream/Seasonal Channel,"<html xmlns:fo=""http://www.w3.org/1999/XSL/Format"" xmlns:msxsl=""urn:schemas-microsoft-com:xslt"">

<head>

<META http-equiv=""Content-Type"" content=""text/html"">

</head>

<body style=""margin:0px 0px 0px 0px;overflow:auto;background:#FFFFFF;"">

<table style",,,,,"-1","0","-1",,,,0.00150256036290938
6/8/21,"1",DSCN6081,"3","1136",0.469643126,36.85229486,Stream/Seasonal Channel,"<html xmlns:fo=""http://www.w3.org/1999/XSL/Format"" xmlns:msxsl=""urn:schemas-microsoft-com:xslt"">

<head>

<META http-equiv=""Content-Type"" content=""text/html"">

</head>

<body style=""margin:0px 0px 0px 0px;overflow:auto;background:#FFFFFF;"">

<table style",,,,,"-1","0","-1",,,,0.00218760198395868
6/8/21,"1",DSCN6082,"1","1142",0.46977749,36.8540047,Stream/Seasonal Channel,"<html xmlns:fo=""http://www.w3.org/1999/XSL/Format"" xmlns:msxsl=""urn:schemas-microsoft-com:xslt"">

<head>

<META http-equiv=""Content-Type"" content=""text/html"">

</head>

<body style=""margin:0px 0px 0px 0px;overflow:auto;background:#FFFFFF;"">

<table style",,,,,"-1","0","-1",,,,0.00381296132291729
6/9/21,"2",DSCN6198,"1","952",0.469912579,36.85792599,Stream/Seasonal Channel,"<html xmlns:fo=""http://www.w3.org/1999/XSL/Format"" xmlns:msxsl=""urn:schemas-microsoft-com:xslt"">

<head>

<META http-equiv=""Content-Type"" content=""text/html"">

</head>

<body style=""margin:0px 0px 0px 0px;overflow:auto;background:#FFFFFF;"">

<table style",,,,,"-1","0","-1",,,,0.00571195945725511
6/9/21,"2",DSCN6198,"1","952",0.469912579,36.85792599,Stream/Seasonal Channel,"<html xmlns:fo=""http://www.w3.org/1999/XSL/Format"" xmlns:msxsl=""urn:schemas-microsoft-com:xslt"">

<head>

<META http-equiv=""Content-Type"" content=""text/html"">

</head>

<body style=""margin:0px 0px 0px 0px;overflow:auto;background:#FFFFFF;"">

<table style",,,,,"-1","0","-1",,,,0.00571195945725511
6/9/21,"2",DSCN6198,"2","1009",0.478847062,36.86111532,Stream/Seasonal Channel,"<html xmlns:fo=""http://www.w3.org/1999/XSL/Format"" xmlns:msxsl=""urn:schemas-microsoft-com:xslt"">

<head>

<META http-equiv=""Content-Type"" content=""text/html"">

</head>

<body style=""margin:0px 0px 0px 0px;overflow:auto;background:#FFFFFF;"">

<table style",,,,,"-1","0","-1",,,,0.00173044285956741
6/9/21,"2",DSCN6198,"3","1019",0.496834321,36.85184016,Stream/Seasonal Channel,"<html xmlns:fo=""http://www.w3.org/1999/XSL/Format"" xmlns:msxsl=""urn:schemas-microsoft-com:xslt"">

<head>

<META http-equiv=""Content-Type"" content=""text/html"">

</head>

<body style=""margin:0px 0px 0px 0px;overflow:auto;background:#FFFFFF;"">

<table style",,,,,"-1","0","-1",,,,0.00357756033179967
6/9/21,"2",DSCN6199,"1","1040",0.497810044,36.84302495,Stream/Seasonal Channel,"<html xmlns:fo=""http://www.w3.org/1999/XSL/Format"" xmlns:msxsl=""urn:schemas-microsoft-com:xslt"">

<head>

<META http-equiv=""Content-Type"" content=""text/html"">

</head>

<body style=""margin:0px 0px 0px 0px;overflow:auto;background:#FFFFFF;"">

<table style",,,,,"-1","0","-1",,,,0.000992660552471026
6/9/21,"2",DSCN6199,"2","1101",0.498814734,36.85239056,Stream/Seasonal Channel,"<html xmlns:fo=""http://www.w3.org/1999/XSL/Format"" xmlns:msxsl=""urn:schemas-microsoft-com:xslt"">

<head>

<META http-equiv=""Content-Type"" content=""text/html"">

</head>

<body style=""margin:0px 0px 0px 0px;overflow:auto;background:#FFFFFF;"">

<table style",,,,,"-1","0","-1",,,,0.00442579548470889
6/9/21,"2",DSCN6199,"2","1101",0.498814734,36.85239056,Stream/Seasonal Channel,"<html xmlns:fo=""http://www.w3.org/1999/XSL/Format"" xmlns:msxsl=""urn:schemas-microsoft-com:xslt"">

<head>

<META http-equiv=""Content-Type"" content=""text/html"">

</head>

<body style=""margin:0px 0px 0px 0px;overflow:auto;background:#FFFFFF;"">

<table style",,,,,"-1","0","-1",,,,0.00442579548470889
6/9/21,"2",DSCN6199,"3","113",0.481462847,36.84472529,Stream/Seasonal Channel,"<html xmlns:fo=""http://www.w3.org/1999/XSL/Format"" xmlns:msxsl=""urn:schemas-microsoft-com:xslt"">

<head>

<META http-equiv=""Content-Type"" content=""text/html"">

</head>

<body style=""margin:0px 0px 0px 0px;overflow:auto;background:#FFFFFF;"">

<table style",,,,,"-1","0","-1",,,,0.00074818800476679
6/10/21,"2",DSCN6458,"1","1055",0.490301121,36.85837738,Stream/Seasonal Channel,"<html xmlns:fo=""http://www.w3.org/1999/XSL/Format"" xmlns:msxsl=""urn:schemas-microsoft-com:xslt"">

<head>

<META http-equiv=""Content-Type"" content=""text/html"">

</head>

<body style=""margin:0px 0px 0px 0px;overflow:auto;background:#FFFFFF;"">

<table style",,,,,"-1","0","-1",,,,0.00765422397654225
6/10/21,"2",DSCN6458,"2","1059",0.496590633,36.85310846,Stream/Seasonal Channel,"<html xmlns:fo=""http://www.w3.org/1999/XSL/Format"" xmlns:msxsl=""urn:schemas-microsoft-com:xslt"">

<head>

<META http-equiv=""Content-Type"" content=""text/html"">

</head>

<body style=""margin:0px 0px 0px 0px;overflow:auto;background:#FFFFFF;"">

<table style",,,,,"-1","0","-1",,,,0.00476598923286623
6/10/21,"2",DSCN6458,"2","1059",0.496590633,36.85310846,Stream/Seasonal Channel,"<html xmlns:fo=""http://www.w3.org/1999/XSL/Format"" xmlns:msxsl=""urn:schemas-microsoft-com:xslt"">

<head>

<META http-equiv=""Content-Type"" content=""text/html"">

</head>

<body style=""margin:0px 0px 0px 0px;overflow:auto;background:#FFFFFF;"">

<table style",,,,,"-1","0","-1",,,,0.00476598923286623
6/10/21,"2",DSCN6458,"3","1131",0.502432442,36.84585911,Stream/Seasonal Channel,"<html xmlns:fo=""http://www.w3.org/1999/XSL/Format"" xmlns:msxsl=""urn:schemas-microsoft-com:xslt"">

<head>

<META http-equiv=""Content-Type"" content=""text/html"">

</head>

<body style=""margin:0px 0px 0px 0px;overflow:auto;background:#FFFFFF;"">

<table style",,,,,"-1","0","-1",,,,0.000582027421326894
6/10/21,"2",DSCN6459,"1","1213",0.472681757,36.86037898,Stream/Seasonal Channel,"<html xmlns:fo=""http://www.w3.org/1999/XSL/Format"" xmlns:msxsl=""urn:schemas-microsoft-com:xslt"">

<head>

<META http-equiv=""Content-Type"" content=""text/html"">

</head>

<body style=""margin:0px 0px 0px 0px;overflow:auto;background:#FFFFFF;"">

<table style",,,,,"-1","0","-1",,,,0.00256328355775006
6/11/21,"2",DSCN6467,"1","1049",0.468179402,36.85649734,Stream/Seasonal Channel,"<html xmlns:fo=""http://www.w3.org/1999/XSL/Format"" xmlns:msxsl=""urn:schemas-microsoft-com:xslt"">

<head>

<META http-equiv=""Content-Type"" content=""text/html"">

</head>

<body style=""margin:0px 0px 0px 0px;overflow:auto;background:#FFFFFF;"">

<table style",,,,,"-1","0","-1",,,,0.00564316045218767
6/11/21,"2",DSCN6467,"2","1112",0.487034912,36.83918047,Stream/Seasonal Channel,"<html xmlns:fo=""http://www.w3.org/1999/XSL/Format"" xmlns:msxsl=""urn:schemas-microsoft-com:xslt"">

<head>

<META http-equiv=""Content-Type"" content=""text/html"">

</head>

<body style=""margin:0px 0px 0px 0px;overflow:auto;background:#FFFFFF;"">

<table style",,,,,"-1","0","-1",,,,0.00400486694618164
6/11/21,"2",DSCN6467,"3","1116",0.493316713,36.83986356,Stream/Seasonal Channel,"<html xmlns:fo=""http://www.w3.org/1999/XSL/Format"" xmlns:msxsl=""urn:schemas-microsoft-com:xslt"">

<head>

<META http-equiv=""Content-Type"" content=""text/html"">

</head>

<body style=""margin:0px 0px 0px 0px;overflow:auto;background:#FFFFFF;"">

<table style",,,,,"-1","0","-1",,,,0.00307663961490233
6/11/21,"2",DSCN6468,"1","1120",0.497184191,36.84358289,Stream/Seasonal Channel,"<html xmlns:fo=""http://www.w3.org/1999/XSL/Format"" xmlns:msxsl=""urn:schemas-microsoft-com:xslt"">

<head>

<META http-equiv=""Content-Type"" content=""text/html"">

</head>

<body style=""margin:0px 0px 0px 0px;overflow:auto;background:#FFFFFF;"">

<table style",,,,,"-1","0","-1",,,,0.000407908226241016
6/11/21,"2",DSCN6468,"2","1135",0.506908785,36.84485621,River,"<html xmlns:fo=""http://www.w3.org/1999/XSL/Format"" xmlns:msxsl=""urn:schemas-microsoft-com:xslt"">

<head>

<META http-equiv=""Content-Type"" content=""text/html"">

</head>

<body style=""margin:0px 0px 0px 0px;overflow:auto;background:#FFFFFF;"">

<table style",,,,,"-1","0","-1",,,,0.000622674112456709
6/11/21,"2",DSCN6468,"2","1135",0.506908785,36.84485621,River,"<html xmlns:fo=""http://www.w3.org/1999/XSL/Format"" xmlns:msxsl=""urn:schemas-microsoft-com:xslt"">

<head>

<META http-equiv=""Content-Type"" content=""text/html"">

</head>

<body style=""margin:0px 0px 0px 0px;overflow:auto;background:#FFFFFF;"">

<table style",,,,,"-1","0","-1",,,,0.000622674112456709
6/11/21,"2",DSCN6468,"3","1146",0.501219762,36.85362203,River,"<html xmlns:fo=""http://www.w3.org/1999/XSL/Format"" xmlns:msxsl=""urn:schemas-microsoft-com:xslt"">

<head>

<META http-equiv=""Content-Type"" content=""text/html"">

</head>

<body style=""margin:0px 0px 0px 0px;overflow:auto;background:#FFFFFF;"">

<table style",,,,,"-1","0","-1",,,,0.00525236853443349
6/11/21,"2",DSCN6468,"3","1146",0.501219762,36.85362203,River,"<html xmlns:fo=""http://www.w3.org/1999/XSL/Format"" xmlns:msxsl=""urn:schemas-microsoft-com:xslt"">

<head>

<META http-equiv=""Content-Type"" content=""text/html"">

</head>

<body style=""margin:0px 0px 0px 0px;overflow:auto;background:#FFFFFF;"">

<table style",,,,,"-1","0","-1",,,,0.00525236853443349
6/11/21,"2",DSCN6469,"1","1151",0.4996549,36.85290731,Stream/Seasonal Channel,"<html xmlns:fo=""http://www.w3.org/1999/XSL/Format"" xmlns:msxsl=""urn:schemas-microsoft-com:xslt"">

<head>

<META http-equiv=""Content-Type"" content=""text/html"">

</head>

<body style=""margin:0px 0px 0px 0px;overflow:auto;background:#FFFFFF;"">

<table style",,,,,"-1","0","-1",,,,0.00504033953678505
6/12/21,"2",DSCN6473,"1","929",0.469275261,36.85893522,Stream/Seasonal Channel,"<html xmlns:fo=""http://www.w3.org/1999/XSL/Format"" xmlns:msxsl=""urn:schemas-microsoft-com:xslt"">

<head>

<META http-equiv=""Content-Type"" content=""text/html"">

</head>

<body style=""margin:0px 0px 0px 0px;overflow:auto;background:#FFFFFF;"">

<table style",,,,,"-1","0","-1",,,,0.00523540131188626
6/12/21,"2",DSCN6473,"2","930",0.476963095,36.85777227,Stream/Seasonal Channel,"<html xmlns:fo=""http://www.w3.org/1999/XSL/Format"" xmlns:msxsl=""urn:schemas-microsoft-com:xslt"">

<head>

<META http-equiv=""Content-Type"" content=""text/html"">

</head>

<body style=""margin:0px 0px 0px 0px;overflow:auto;background:#FFFFFF;"">

<table style",,,,,"-1","0","-1",,,,0.0049083232636094
6/12/21,"2",DSCN6473,"3","936",0.481999607,36.86130672,Stream/Seasonal Channel,"<html xmlns:fo=""http://www.w3.org/1999/XSL/Format"" xmlns:msxsl=""urn:schemas-microsoft-com:xslt"">

<head>

<META http-equiv=""Content-Type"" content=""text/html"">

</head>

<body style=""margin:0px 0px 0px 0px;overflow:auto;background:#FFFFFF;"">

<table style",,,,,"-1","0","-1",,,,0.0033806005781299
6/12/21,"2",DSCN6474,"1","948",0.494588851,36.85550559,Stream/Seasonal Channel,"<html xmlns:fo=""http://www.w3.org/1999/XSL/Format"" xmlns:msxsl=""urn:schemas-microsoft-com:xslt"">

<head>

<META http-equiv=""Content-Type"" content=""text/html"">

</head>

<body style=""margin:0px 0px 0px 0px;overflow:auto;background:#FFFFFF;"">

<table style",,,,,"-1","0","-1",,,,0.00499344049211501
6/12/21,"2",DSCN6474,"2","957",0.499494302,36.85235698,Stream/Seasonal Channel,"<html xmlns:fo=""http://www.w3.org/1999/XSL/Format"" xmlns:msxsl=""urn:schemas-microsoft-com:xslt"">

<head>

<META http-equiv=""Content-Type"" content=""text/html"">

</head>

<body style=""margin:0px 0px 0px 0px;overflow:auto;background:#FFFFFF;"">

<table style",,,,,"-1","0","-1",,,,0.00447121544858015
6/12/21,"2",DSCN6474,"3","1000",0.502229636,36.84822441,Stream/Seasonal Channel,"<html xmlns:fo=""http://www.w3.org/1999/XSL/Format"" xmlns:msxsl=""urn:schemas-microsoft-com:xslt"">

<head>

<META http-equiv=""Content-Type"" content=""text/html"">

</head>

<body style=""margin:0px 0px 0px 0px;overflow:auto;background:#FFFFFF;"">

<table style",,,,,"-1","0","-1",,,,0.00100697312804336
6/12/21,"2",DSCN6475,"1","1006",0.499879586,36.84572777,Stream/Seasonal Channel,"<html xmlns:fo=""http://www.w3.org/1999/XSL/Format"" xmlns:msxsl=""urn:schemas-microsoft-com:xslt"">

<head>

<META http-equiv=""Content-Type"" content=""text/html"">

</head>

<body style=""margin:0px 0px 0px 0px;overflow:auto;background:#FFFFFF;"">

<table style",,,,,"-1","0","-1",,,,0.00108096002531225
6/12/21,"2",DSCN6475,"2","1011",0.494827,36.84305705,Stream/Seasonal Channel,"<html xmlns:fo=""http://www.w3.org/1999/XSL/Format"" xmlns:msxsl=""urn:schemas-microsoft-com:xslt"">

<head>

<META http-equiv=""Content-Type"" content=""text/html"">

</head>

<body style=""margin:0px 0px 0px 0px;overflow:auto;background:#FFFFFF;"">

<table style",,,,,"-1","0","-1",,,,0.000763469571583997
6/12/21,"2",DSCN6475,"2","1011",0.494827,36.84305705,Stream/Seasonal Channel,"<html xmlns:fo=""http://www.w3.org/1999/XSL/Format"" xmlns:msxsl=""urn:schemas-microsoft-com:xslt"">

<head>

<META http-equiv=""Content-Type"" content=""text/html"">

</head>

<body style=""margin:0px 0px 0px 0px;overflow:auto;background:#FFFFFF;"">

<table style",,,,,"-1","0","-1",,,,0.000763469571583997
6/12/21,"2",DSCN6475,"3","1024",0.491920776,36.83810894,Stream/Seasonal Channel,"<html xmlns:fo=""http://www.w3.org/1999/XSL/Format"" xmlns:msxsl=""urn:schemas-microsoft-com:xslt"">

<head>

<META http-equiv=""Content-Type"" content=""text/html"">

</head>

<body style=""margin:0px 0px 0px 0px;overflow:auto;background:#FFFFFF;"">

<table style",,,,,"-1","0","-1",,,,0.00464231913743835
6/12/21,"2",DSCN6476,"1","1032",0.482766878,36.83849898,Stream/Seasonal Channel,"<html xmlns:fo=""http://www.w3.org/1999/XSL/Format"" xmlns:msxsl=""urn:schemas-microsoft-com:xslt"">

<head>

<META http-equiv=""Content-Type"" content=""text/html"">

</head>

<body style=""margin:0px 0px 0px 0px;overflow:auto;background:#FFFFFF;"">

<table style",,,,,"-1","0","-1",,,,0.00208043187051099
6/12/21,"2",DSCN3247,"1","1029",0.455600409,36.8317498,Stream/Seasonal Channel,"<html xmlns:fo=""http://www.w3.org/1999/XSL/Format"" xmlns:msxsl=""urn:schemas-microsoft-com:xslt"">

<head>

<META http-equiv=""Content-Type"" content=""text/html"">

</head>

<body style=""margin:0px 0px 0px 0px;overflow:auto;background:#FFFFFF;"">

<table style",,,,,"-1","0","-1",,,,0.00719722492070763
6/12/21,"2",DSCN3247,"2","1057",0.463730569,36.8360119,Stream/Seasonal Channel,"<html xmlns:fo=""http://www.w3.org/1999/XSL/Format"" xmlns:msxsl=""urn:schemas-microsoft-com:xslt"">

<head>

<META http-equiv=""Content-Type"" content=""text/html"">

</head>

<body style=""margin:0px 0px 0px 0px;overflow:auto;background:#FFFFFF;"">

<table style",,,,,"-1","0","-1",,,,0.00742135957771793
6/12/21,"2",DSCN3247,"3","1126",0.465873341,36.83619868,Stream/Seasonal Channel,"<html xmlns:fo=""http://www.w3.org/1999/XSL/Format"" xmlns:msxsl=""urn:schemas-microsoft-com:xslt"">

<head>

<META http-equiv=""Content-Type"" content=""text/html"">

</head>

<body style=""margin:0px 0px 0px 0px;overflow:auto;background:#FFFFFF;"">

<table style",,,,,"-1","0","-1",,,,0.00746369763369512
6/12/21,"2",DSCN3248,"1","1158",0.453275435,36.84151147,Stream/Seasonal Channel,"<html xmlns:fo=""http://www.w3.org/1999/XSL/Format"" xmlns:msxsl=""urn:schemas-microsoft-com:xslt"">

<head>

<META http-equiv=""Content-Type"" content=""text/html"">

</head>

<body style=""margin:0px 0px 0px 0px;overflow:auto;background:#FFFFFF;"">

<table style",,,,,"-1","0","-1",,,,0.000680974777451988
6/14/21,"2",DSCN3240,"1","1028",0.490336834,36.85639804,Stream/Seasonal Channel,"<html xmlns:fo=""http://www.w3.org/1999/XSL/Format"" xmlns:msxsl=""urn:schemas-microsoft-com:xslt"">

<head>

<META http-equiv=""Content-Type"" content=""text/html"">

</head>

<body style=""margin:0px 0px 0px 0px;overflow:auto;background:#FFFFFF;"">

<table style",,,,,"-1","0","-1",,,,0.00578300749689666
6/14/21,"2",DSCN3240,"2","1050",0.498643185,36.85111727,Stream/Seasonal Channel,"<html xmlns:fo=""http://www.w3.org/1999/XSL/Format"" xmlns:msxsl=""urn:schemas-microsoft-com:xslt"">

<head>

<META http-equiv=""Content-Type"" content=""text/html"">

</head>

<body style=""margin:0px 0px 0px 0px;overflow:auto;background:#FFFFFF;"">

<table style",,,,,"-1","0","-1",,,,0.00314140322068631
6/14/21,"2",DSCN3240,"3","1106",0.499494043,36.85384736,Stream/Seasonal Channel,"<html xmlns:fo=""http://www.w3.org/1999/XSL/Format"" xmlns:msxsl=""urn:schemas-microsoft-com:xslt"">

<head>

<META http-equiv=""Content-Type"" content=""text/html"">

</head>

<body style=""margin:0px 0px 0px 0px;overflow:auto;background:#FFFFFF;"">

<table style",,,,,"-1","0","-1",,,,0.00486527093340207
6/14/21,"2",DSCN3240,"3","1106",0.499494043,36.85384736,Stream/Seasonal Channel,"<html xmlns:fo=""http://www.w3.org/1999/XSL/Format"" xmlns:msxsl=""urn:schemas-microsoft-com:xslt"">

<head>

<META http-equiv=""Content-Type"" content=""text/html"">

</head>

<body style=""margin:0px 0px 0px 0px;overflow:auto;background:#FFFFFF;"">

<table style",,,,,"-1","0","-1",,,,0.00486527093340207
6/14/21,"2",DSCN3241,"1","1127",0.501133379,36.84777045,Stream/Seasonal Channel,"<html xmlns:fo=""http://www.w3.org/1999/XSL/Format"" xmlns:msxsl=""urn:schemas-microsoft-com:xslt"">

<head>

<META http-equiv=""Content-Type"" content=""text/html"">

</head>

<body style=""margin:0px 0px 0px 0px;overflow:auto;background:#FFFFFF;"">

<table style",,,,,"-1","0","-1",,,,0.000434299529551835
6/14/21,"2",DSCN3241,"2","1151",0.484150921,36.84095579,Stream/Seasonal Channel,"<html xmlns:fo=""http://www.w3.org/1999/XSL/Format"" xmlns:msxsl=""urn:schemas-microsoft-com:xslt"">

<head>

<META http-equiv=""Content-Type"" content=""text/html"">

</head>

<body style=""margin:0px 0px 0px 0px;overflow:auto;background:#FFFFFF;"">

<table style",,,,,"-1","0","-1",,,,0.00131136061501497
6/14/21,"2",DSCN3241,"3","1203",0.49978708,36.84819117,Stream/Seasonal Channel,"<html xmlns:fo=""http://www.w3.org/1999/XSL/Format"" xmlns:msxsl=""urn:schemas-microsoft-com:xslt"">

<head>

<META http-equiv=""Content-Type"" content=""text/html"">

</head>

<body style=""margin:0px 0px 0px 0px;overflow:auto;background:#FFFFFF;"">

<table style",,,,,"-1","0","-1",,,,0.000581842546388778
6/14/21,"2",DSCN3242,"1","1223",0.504463916,36.85544916,River,"<html xmlns:fo=""http://www.w3.org/1999/XSL/Format"" xmlns:msxsl=""urn:schemas-microsoft-com:xslt"">

<head>

<META http-equiv=""Content-Type"" content=""text/html"">

</head>

<body style=""margin:0px 0px 0px 0px;overflow:auto;background:#FFFFFF;"">

<table style",,,,,"-1","0","-1",,,,0.00336516708421105
6/14/21,"2",DSCN3242,"1","1223",0.504463916,36.85544916,River,"<html xmlns:fo=""http://www.w3.org/1999/XSL/Format"" xmlns:msxsl=""urn:schemas-microsoft-com:xslt"">

<head>

<META http-equiv=""Content-Type"" content=""text/html"">

</head>

<body style=""margin:0px 0px 0px 0px;overflow:auto;background:#FFFFFF;"">

<table style",,,,,"-1","0","-1",,,,0.00336516708421105
6/14/21,"2",DSCN3242,"2","1250",0.485098745,36.85043008,Stream/Seasonal Channel,"<html xmlns:fo=""http://www.w3.org/1999/XSL/Format"" xmlns:msxsl=""urn:schemas-microsoft-com:xslt"">

<head>

<META http-equiv=""Content-Type"" content=""text/html"">

</head>

<body style=""margin:0px 0px 0px 0px;overflow:auto;background:#FFFFFF;"">

<table style",,,,,"-1","0","-1",,,,0.00313316597412568
6/15/21,"2",DSCN6973,"1","930",0.477660938,36.85950232,Stream/Seasonal Channel,"<html xmlns:fo=""http://www.w3.org/1999/XSL/Format"" xmlns:msxsl=""urn:schemas-microsoft-com:xslt"">

<head>

<META http-equiv=""Content-Type"" content=""text/html"">

</head>

<body style=""margin:0px 0px 0px 0px;overflow:auto;background:#FFFFFF;"">

<table style",,,,,"-1","0","-1",,,,0.00322168133789561
6/15/21,"2",DSCN6973,"2","934",0.482810944,36.85981999,Stream/Seasonal Channel,"<html xmlns:fo=""http://www.w3.org/1999/XSL/Format"" xmlns:msxsl=""urn:schemas-microsoft-com:xslt"">

<head>

<META http-equiv=""Content-Type"" content=""text/html"">

</head>

<body style=""margin:0px 0px 0px 0px;overflow:auto;background:#FFFFFF;"">

<table style",,,,,"-1","0","-1",,,,0.00498965732683626
6/15/21,"2",DSCN6973,"3","956",0.496988257,36.85154497,Stream/Seasonal Channel,"<html xmlns:fo=""http://www.w3.org/1999/XSL/Format"" xmlns:msxsl=""urn:schemas-microsoft-com:xslt"">

<head>

<META http-equiv=""Content-Type"" content=""text/html"">

</head>

<body style=""margin:0px 0px 0px 0px;overflow:auto;background:#FFFFFF;"">

<table style",,,,,"-1","0","-1",,,,0.00332599804049143
6/15/21,"2",DSCN6973,"3","956",0.496988257,36.85154497,Stream/Seasonal Channel,"<html xmlns:fo=""http://www.w3.org/1999/XSL/Format"" xmlns:msxsl=""urn:schemas-microsoft-com:xslt"">

<head>

<META http-equiv=""Content-Type"" content=""text/html"">

</head>

<body style=""margin:0px 0px 0px 0px;overflow:auto;background:#FFFFFF;"">

<table style",,,,,"-1","0","-1",,,,0.00332599804049143
6/15/21,"2",DSCN6974,"1","1013",0.495705957,36.84342744,Stream/Seasonal Channel,"<html xmlns:fo=""http://www.w3.org/1999/XSL/Format"" xmlns:msxsl=""urn:schemas-microsoft-com:xslt"">

<head>

<META http-equiv=""Content-Type"" content=""text/html"">

</head>

<body style=""margin:0px 0px 0px 0px;overflow:auto;background:#FFFFFF;"">

<table style",,,,,"-1","0","-1",,,,0.000438568363483916
6/15/21,"2",DSCN6974,"2","1039",0.485785825,36.84534865,Stream/Seasonal Channel,"<html xmlns:fo=""http://www.w3.org/1999/XSL/Format"" xmlns:msxsl=""urn:schemas-microsoft-com:xslt"">

<head>

<META http-equiv=""Content-Type"" content=""text/html"">

</head>

<body style=""margin:0px 0px 0px 0px;overflow:auto;background:#FFFFFF;"">

<table style",,,,,"-1","0","-1",,,,0.000246175000000015
6/15/21,"2",DSCN6974,"3","1045",0.493172361,36.84788146,Stream/Seasonal Channel,"<html xmlns:fo=""http://www.w3.org/1999/XSL/Format"" xmlns:msxsl=""urn:schemas-microsoft-com:xslt"">

<head>

<META http-equiv=""Content-Type"" content=""text/html"">

</head>

<body style=""margin:0px 0px 0px 0px;overflow:auto;background:#FFFFFF;"">

<table style",,,,,"-1","0","-1",,,,0.000794677811197121
6/15/21,"2",DSCN6975,"1","1104",0.499025815,36.84902968,Stream/Seasonal Channel,"<html xmlns:fo=""http://www.w3.org/1999/XSL/Format"" xmlns:msxsl=""urn:schemas-microsoft-com:xslt"">

<head>

<META http-equiv=""Content-Type"" content=""text/html"">

</head>

<body style=""margin:0px 0px 0px 0px;overflow:auto;background:#FFFFFF;"">

<table style",,,,,"-1","0","-1",,,,0.00111283193548013
6/15/21,"2",DSCN6975,"1","1104",0.499025815,36.84902968,Stream/Seasonal Channel,"<html xmlns:fo=""http://www.w3.org/1999/XSL/Format"" xmlns:msxsl=""urn:schemas-microsoft-com:xslt"">

<head>

<META http-equiv=""Content-Type"" content=""text/html"">

</head>

<body style=""margin:0px 0px 0px 0px;overflow:auto;background:#FFFFFF;"">

<table style",,,,,"-1","0","-1",,,,0.00111283193548013
6/15/21,"2",DSCN6975,"2","1115",0.49365844,36.85341138,Stream/Seasonal Channel,"<html xmlns:fo=""http://www.w3.org/1999/XSL/Format"" xmlns:msxsl=""urn:schemas-microsoft-com:xslt"">

<head>

<META http-equiv=""Content-Type"" content=""text/html"">

</head>

<body style=""margin:0px 0px 0px 0px;overflow:auto;background:#FFFFFF;"">

<table style",,,,,"-1","0","-1",,,,0.00471044783305256
6/16/21,"1",DSCN7375,"1","1004",0.461936139,36.83563783,Stream/Seasonal Channel,"<html xmlns:fo=""http://www.w3.org/1999/XSL/Format"" xmlns:msxsl=""urn:schemas-microsoft-com:xslt"">

<head>

<META http-equiv=""Content-Type"" content=""text/html"">

</head>

<body style=""margin:0px 0px 0px 0px;overflow:auto;background:#FFFFFF;"">

<table style",,,,,"-1","0","-1",,,,0.00740444215941509
6/16/21,"1",DSCN7375,"2","1036",0.474922977,36.84245038,Stream/Seasonal Channel,"<html xmlns:fo=""http://www.w3.org/1999/XSL/Format"" xmlns:msxsl=""urn:schemas-microsoft-com:xslt"">

<head>

<META http-equiv=""Content-Type"" content=""text/html"">

</head>

<body style=""margin:0px 0px 0px 0px;overflow:auto;background:#FFFFFF;"">

<table style",,,,,"-1","0","-1",,,,0.00167432466530605
6/16/21,"1",DSCN7375,"3","1058",0.476837941,36.84171448,Stream/Seasonal Channel,"<html xmlns:fo=""http://www.w3.org/1999/XSL/Format"" xmlns:msxsl=""urn:schemas-microsoft-com:xslt"">

<head>

<META http-equiv=""Content-Type"" content=""text/html"">

</head>

<body style=""margin:0px 0px 0px 0px;overflow:auto;background:#FFFFFF;"">

<table style",,,,,"-1","0","-1",,,,0.00267090000971496
6/16/21,"1",DSCN7376,"1","1108",0.479435281,36.84292658,Stream/Seasonal Channel,"<html xmlns:fo=""http://www.w3.org/1999/XSL/Format"" xmlns:msxsl=""urn:schemas-microsoft-com:xslt"">

<head>

<META http-equiv=""Content-Type"" content=""text/html"">

</head>

<body style=""margin:0px 0px 0px 0px;overflow:auto;background:#FFFFFF;"">

<table style",,,,,"-1","0","-1",,,,0.00142340361746707
6/16/21,"1",DSCN7376,"1","1108",0.479435281,36.84292658,Stream/Seasonal Channel,"<html xmlns:fo=""http://www.w3.org/1999/XSL/Format"" xmlns:msxsl=""urn:schemas-microsoft-com:xslt"">

<head>

<META http-equiv=""Content-Type"" content=""text/html"">

</head>

<body style=""margin:0px 0px 0px 0px;overflow:auto;background:#FFFFFF;"">

<table style",,,,,"-1","0","-1",,,,0.00142340361746707
6/16/21,"1",DSCN7376,"2","1123",0.462980719,36.84841126,Stream/Seasonal Channel,"<html xmlns:fo=""http://www.w3.org/1999/XSL/Format"" xmlns:msxsl=""urn:schemas-microsoft-com:xslt"">

<head>

<META http-equiv=""Content-Type"" content=""text/html"">

</head>

<body style=""margin:0px 0px 0px 0px;overflow:auto;background:#FFFFFF;"">

<table style",,,,,"-1","0","-1",,,,0.00323041331096166
6/16/21,"1",DSCN7376,"3","1133",0.450641962,36.84426864,Stream/Seasonal Channel,"<html xmlns:fo=""http://www.w3.org/1999/XSL/Format"" xmlns:msxsl=""urn:schemas-microsoft-com:xslt"">

<head>

<META http-equiv=""Content-Type"" content=""text/html"">

</head>

<body style=""margin:0px 0px 0px 0px;overflow:auto;background:#FFFFFF;"">

<table style",,,,,"-1","0","-1",,,,0.00100270876275256
6/16/21,"2",DSCN7378,"1","1159",0.47823054,36.85956712,Stream/Seasonal Channel,"<html xmlns:fo=""http://www.w3.org/1999/XSL/Format"" xmlns:msxsl=""urn:schemas-microsoft-com:xslt"">

<head>

<META http-equiv=""Content-Type"" content=""text/html"">

</head>

<body style=""margin:0px 0px 0px 0px;overflow:auto;background:#FFFFFF;"">

<table style",,,,,"-1","0","-1",,,,0.00319769044374828
6/16/21,"2",DSCN7378,"2","1210",0.496944089,36.85408539,Stream/Seasonal Channel,"<html xmlns:fo=""http://www.w3.org/1999/XSL/Format"" xmlns:msxsl=""urn:schemas-microsoft-com:xslt"">

<head>

<META http-equiv=""Content-Type"" content=""text/html"">

</head>

<body style=""margin:0px 0px 0px 0px;overflow:auto;background:#FFFFFF;"">

<table style",,,,,"-1","0","-1",,,,0.00478465826282247
6/16/21,"2",DSCN7378,"3","1213",0.500134224,36.85173496,Stream/Seasonal Channel,"<html xmlns:fo=""http://www.w3.org/1999/XSL/Format"" xmlns:msxsl=""urn:schemas-microsoft-com:xslt"">

<head>

<META http-equiv=""Content-Type"" content=""text/html"">

</head>

<body style=""margin:0px 0px 0px 0px;overflow:auto;background:#FFFFFF;"">

<table style",,,,,"-1","0","-1",,,,0.00402267014354636
6/16/21,"2",DSCN7379,"1","1217",0.502111389,36.85056664,River,"<html xmlns:fo=""http://www.w3.org/1999/XSL/Format"" xmlns:msxsl=""urn:schemas-microsoft-com:xslt"">

<head>

<META http-equiv=""Content-Type"" content=""text/html"">

</head>

<body style=""margin:0px 0px 0px 0px;overflow:auto;background:#FFFFFF;"">

<table style",,,,,"-1","0","-1",,,,0.0032294226398721
6/16/21,"2",DSCN7379,"2","1233",0.506569265,36.8427715,River,"<html xmlns:fo=""http://www.w3.org/1999/XSL/Format"" xmlns:msxsl=""urn:schemas-microsoft-com:xslt"">

<head>

<META http-equiv=""Content-Type"" content=""text/html"">

</head>

<body style=""margin:0px 0px 0px 0px;overflow:auto;background:#FFFFFF;"">

<table style",,,,,"-1","0","-1",,,,0.00261466303378547
6/16/21,"2",DSCN7379,"2","1233",0.506569265,36.8427715,River,"<html xmlns:fo=""http://www.w3.org/1999/XSL/Format"" xmlns:msxsl=""urn:schemas-microsoft-com:xslt"">

<head>

<META http-equiv=""Content-Type"" content=""text/html"">

</head>

<body style=""margin:0px 0px 0px 0px;overflow:auto;background:#FFFFFF;"">

<table style",,,,,"-1","0","-1",,,,0.00261466303378547
6/16/21,"2",DSCN7379,"3","1245",0.502497602,36.842789,Stream/Seasonal Channel,"<html xmlns:fo=""http://www.w3.org/1999/XSL/Format"" xmlns:msxsl=""urn:schemas-microsoft-com:xslt"">

<head>

<META http-equiv=""Content-Type"" content=""text/html"">

</head>

<body style=""margin:0px 0px 0px 0px;overflow:auto;background:#FFFFFF;"">

<table style",,,,,"-1","0","-1",,,,0.00245028182740467
6/16/21,"2",DSCN7380,"1","1257",0.494742247,36.84913502,Stream/Seasonal Channel,"<html xmlns:fo=""http://www.w3.org/1999/XSL/Format"" xmlns:msxsl=""urn:schemas-microsoft-com:xslt"">

<head>

<META http-equiv=""Content-Type"" content=""text/html"">

</head>

<body style=""margin:0px 0px 0px 0px;overflow:auto;background:#FFFFFF;"">

<table style",,,,,"-1","0","-1",,,,0.000488900746221306
6/16/21,"2",DSCN7380,"1","1257",0.494742247,36.84913502,Stream/Seasonal Channel,"<html xmlns:fo=""http://www.w3.org/1999/XSL/Format"" xmlns:msxsl=""urn:schemas-microsoft-com:xslt"">

<head>

<META http-equiv=""Content-Type"" content=""text/html"">

</head>

<body style=""margin:0px 0px 0px 0px;overflow:auto;background:#FFFFFF;"">

<table style",,,,,"-1","0","-1",,,,0.000488900746221306
6/16/21,"2",DSCN7380,"2","1303",0.489298872,36.84842902,Stream/Seasonal Channel,"<html xmlns:fo=""http://www.w3.org/1999/XSL/Format"" xmlns:msxsl=""urn:schemas-microsoft-com:xslt"">

<head>

<META http-equiv=""Content-Type"" content=""text/html"">

</head>

<body style=""margin:0px 0px 0px 0px;overflow:auto;background:#FFFFFF;"">

<table style",,,,,"-1","0","-1",,,,0.00177969386822173
6/16/21,"2",DSCN7380,"2","1303",0.489298872,36.84842902,Stream/Seasonal Channel,"<html xmlns:fo=""http://www.w3.org/1999/XSL/Format"" xmlns:msxsl=""urn:schemas-microsoft-com:xslt"">

<head>

<META http-equiv=""Content-Type"" content=""text/html"">

</head>

<body style=""margin:0px 0px 0px 0px;overflow:auto;background:#FFFFFF;"">

<table style",,,,,"-1","0","-1",,,,0.00177969386822173
6/16/21,"2",DSCN7380,"2","1303",0.489298872,36.84842902,Stream/Seasonal Channel,"<html xmlns:fo=""http://www.w3.org/1999/XSL/Format"" xmlns:msxsl=""urn:schemas-microsoft-com:xslt"">

<head>

<META http-equiv=""Content-Type"" content=""text/html"">

</head>

<body style=""margin:0px 0px 0px 0px;overflow:auto;background:#FFFFFF;"">

<table style",,,,,"-1","0","-1",,,,0.00177969386822173
6/16/21,"2",DSCN7381,"1","1326",0.453489833,36.85927947,Stream/Seasonal Channel,"<html xmlns:fo=""http://www.w3.org/1999/XSL/Format"" xmlns:msxsl=""urn:schemas-microsoft-com:xslt"">

<head>

<META http-equiv=""Content-Type"" content=""text/html"">

</head>

<body style=""margin:0px 0px 0px 0px;overflow:auto;background:#FFFFFF;"">

<table style",,,,,"-1","0","-1",,,,0.0084480238713386
6/17/21,"1",DSCN8005,"1","1345",0.481106358,36.84576039,Stream/Seasonal Channel,"<html xmlns:fo=""http://www.w3.org/1999/XSL/Format"" xmlns:msxsl=""urn:schemas-microsoft-com:xslt"">

<head>

<META http-equiv=""Content-Type"" content=""text/html"">

</head>

<body style=""margin:0px 0px 0px 0px;overflow:auto;background:#FFFFFF;"">

<table style",,,,,"-1","0","-1",,,,0.00169745972511051
6/17/21,"1",DSCN8005,"2","1407",0.478605384,36.8441942,Stream/Seasonal Channel,"<html xmlns:fo=""http://www.w3.org/1999/XSL/Format"" xmlns:msxsl=""urn:schemas-microsoft-com:xslt"">

<head>

<META http-equiv=""Content-Type"" content=""text/html"">

</head>

<body style=""margin:0px 0px 0px 0px;overflow:auto;background:#FFFFFF;"">

<table style",,,,,"-1","0","-1",,,,0.00024421489579881
6/17/21,"1",DSCN8005,"2","1407",0.478605384,36.8441942,Stream/Seasonal Channel,"<html xmlns:fo=""http://www.w3.org/1999/XSL/Format"" xmlns:msxsl=""urn:schemas-microsoft-com:xslt"">

<head>

<META http-equiv=""Content-Type"" content=""text/html"">

</head>

<body style=""margin:0px 0px 0px 0px;overflow:auto;background:#FFFFFF;"">

<table style",,,,,"-1","0","-1",,,,0.00024421489579881
6/17/21,"1",DSCN8005,"3","1448",0.463599599,36.85093968,Stream/Seasonal Channel,"<html xmlns:fo=""http://www.w3.org/1999/XSL/Format"" xmlns:msxsl=""urn:schemas-microsoft-com:xslt"">

<head>

<META http-equiv=""Content-Type"" content=""text/html"">

</head>

<body style=""margin:0px 0px 0px 0px;overflow:auto;background:#FFFFFF;"">

<table style",,,,,"-1","0","-1",,,,0.000628761402406945
6/17/21,"2",DSCN7997,"1","1046",-0.00314585,36.86070222,Stream/Seasonal Channel,"<html xmlns:fo=""http://www.w3.org/1999/XSL/Format"" xmlns:msxsl=""urn:schemas-microsoft-com:xslt"">

<head>

<META http-equiv=""Content-Type"" content=""text/html"">

</head>

<body style=""margin:0px 0px 0px 0px;overflow:auto;background:#FFFFFF;"">

<table style",,,,,"-1","0","-1",,,,0.251602424152054
6/17/21,"2",DSCN7997,"1","1046",-0.00314585,36.86070222,Stream/Seasonal Channel,"<html xmlns:fo=""http://www.w3.org/1999/XSL/Format"" xmlns:msxsl=""urn:schemas-microsoft-com:xslt"">

<head>

<META http-equiv=""Content-Type"" content=""text/html"">

</head>

<body style=""margin:0px 0px 0px 0px;overflow:auto;background:#FFFFFF;"">

<table style",,,,,"-1","0","-1",,,,0.251602424152054
6/17/21,"2",DSCN7997,"2","1100",0.485345348,36.85832857,Stream/Seasonal Channel,"<html xmlns:fo=""http://www.w3.org/1999/XSL/Format"" xmlns:msxsl=""urn:schemas-microsoft-com:xslt"">

<head>

<META http-equiv=""Content-Type"" content=""text/html"">

</head>

<body style=""margin:0px 0px 0px 0px;overflow:auto;background:#FFFFFF;"">

<table style",,,,,"-1","0","-1",,,,0.00785553064080112
6/17/21,"2",DSCN7997,"2","1100",0.485345348,36.85832857,Stream/Seasonal Channel,"<html xmlns:fo=""http://www.w3.org/1999/XSL/Format"" xmlns:msxsl=""urn:schemas-microsoft-com:xslt"">

<head>

<META http-equiv=""Content-Type"" content=""text/html"">

</head>

<body style=""margin:0px 0px 0px 0px;overflow:auto;background:#FFFFFF;"">

<table style",,,,,"-1","0","-1",,,,0.00785553064080112
6/17/21,"2",DSCN7997,"2","1100",0.485345348,36.85832857,Stream/Seasonal Channel,"<html xmlns:fo=""http://www.w3.org/1999/XSL/Format"" xmlns:msxsl=""urn:schemas-microsoft-com:xslt"">

<head>

<META http-equiv=""Content-Type"" content=""text/html"">

</head>

<body style=""margin:0px 0px 0px 0px;overflow:auto;background:#FFFFFF;"">

<table style",,,,,"-1","0","-1",,,,0.00785553064080112
6/17/21,"2",DSCN7997,"3","1212",-0.002622434,36.85607725,Stream/Seasonal Channel,"<html xmlns:fo=""http://www.w3.org/1999/XSL/Format"" xmlns:msxsl=""urn:schemas-microsoft-com:xslt"">

<head>

<META http-equiv=""Content-Type"" content=""text/html"">

</head>

<body style=""margin:0px 0px 0px 0px;overflow:auto;background:#FFFFFF;"">

<table style",,,,,"-1","0","-1",,,,0.253007114859426
6/17/21,"2",DSCN7998,"1","1218",0.495867459,36.85341515,Stream/Seasonal Channel,"<html xmlns:fo=""http://www.w3.org/1999/XSL/Format"" xmlns:msxsl=""urn:schemas-microsoft-com:xslt"">

<head>

<META http-equiv=""Content-Type"" content=""text/html"">

</head>

<body style=""margin:0px 0px 0px 0px;overflow:auto;background:#FFFFFF;"">

<table style",,,,,"-1","0","-1",,,,0.00491446028589433
6/17/21,"2",DSCN7998,"2","1240",0.49890006,36.85149937,Stream/Seasonal Channel,"<html xmlns:fo=""http://www.w3.org/1999/XSL/Format"" xmlns:msxsl=""urn:schemas-microsoft-com:xslt"">

<head>

<META http-equiv=""Content-Type"" content=""text/html"">

</head>

<body style=""margin:0px 0px 0px 0px;overflow:auto;background:#FFFFFF;"">

<table style",,,,,"-1","0","-1",,,,0.00354915904572234
6/17/21,"2",DSCN7998,"2","1240",0.49890006,36.85149937,Stream/Seasonal Channel,"<html xmlns:fo=""http://www.w3.org/1999/XSL/Format"" xmlns:msxsl=""urn:schemas-microsoft-com:xslt"">

<head>

<META http-equiv=""Content-Type"" content=""text/html"">

</head>

<body style=""margin:0px 0px 0px 0px;overflow:auto;background:#FFFFFF;"">

<table style",,,,,"-1","0","-1",,,,0.00354915904572234
6/17/21,"2",DSCN7998,"3","1308",0.49842216,36.84550815,Stream/Seasonal Channel,"<html xmlns:fo=""http://www.w3.org/1999/XSL/Format"" xmlns:msxsl=""urn:schemas-microsoft-com:xslt"">

<head>

<META http-equiv=""Content-Type"" content=""text/html"">

</head>

<body style=""margin:0px 0px 0px 0px;overflow:auto;background:#FFFFFF;"">

<table style",,,,,"-1","0","-1",,,,0.00103216807151888
6/18/21,"1",DSCN7109,"1","1046",0.478802341,36.84667688,Stream/Seasonal Channel,"<html xmlns:fo=""http://www.w3.org/1999/XSL/Format"" xmlns:msxsl=""urn:schemas-microsoft-com:xslt"">

<head>

<META http-equiv=""Content-Type"" content=""text/html"">

</head>

<body style=""margin:0px 0px 0px 0px;overflow:auto;background:#FFFFFF;"">

<table style",,,,,"-1","0","-1",,,,0.0022084065999392
6/18/21,"1",DSCN7109,"2","1054",0.478525048,36.84778555,Stream/Seasonal Channel,"<html xmlns:fo=""http://www.w3.org/1999/XSL/Format"" xmlns:msxsl=""urn:schemas-microsoft-com:xslt"">

<head>

<META http-equiv=""Content-Type"" content=""text/html"">

</head>

<body style=""margin:0px 0px 0px 0px;overflow:auto;background:#FFFFFF;"">

<table style",,,,,"-1","0","-1",,,,0.00195103591934566
6/18/21,"1",DSCN7109,"3","1104",0.468435333,36.85156982,Stream/Seasonal Channel,"<html xmlns:fo=""http://www.w3.org/1999/XSL/Format"" xmlns:msxsl=""urn:schemas-microsoft-com:xslt"">

<head>

<META http-equiv=""Content-Type"" content=""text/html"">

</head>

<body style=""margin:0px 0px 0px 0px;overflow:auto;background:#FFFFFF;"">

<table style",,,,,"-1","0","-1",,,,0.00105906061158701
6/18/21,"1",DSCN7110,"1","1110",0.467659731,36.85018788,Stream/Seasonal Channel,"<html xmlns:fo=""http://www.w3.org/1999/XSL/Format"" xmlns:msxsl=""urn:schemas-microsoft-com:xslt"">

<head>

<META http-equiv=""Content-Type"" content=""text/html"">

</head>

<body style=""margin:0px 0px 0px 0px;overflow:auto;background:#FFFFFF;"">

<table style",,,,,"-1","0","-1",,,,0.000499807249963087
6/18/21,"2",DSCN7111,"1","1018",0.476327475,36.85975704,Stream/Seasonal Channel,"<html xmlns:fo=""http://www.w3.org/1999/XSL/Format"" xmlns:msxsl=""urn:schemas-microsoft-com:xslt"">

<head>

<META http-equiv=""Content-Type"" content=""text/html"">

</head>

<body style=""margin:0px 0px 0px 0px;overflow:auto;background:#FFFFFF;"">

<table style",,,,,"-1","0","-1",,,,0.00290421896854221
6/18/21,"2",DSCN7111,"2","1026",0.480382894,36.86146569,Stream/Seasonal Channel,"<html xmlns:fo=""http://www.w3.org/1999/XSL/Format"" xmlns:msxsl=""urn:schemas-microsoft-com:xslt"">

<head>

<META http-equiv=""Content-Type"" content=""text/html"">

</head>

<body style=""margin:0px 0px 0px 0px;overflow:auto;background:#FFFFFF;"">

<table style",,,,,"-1","0","-1",,,,0.002111801330459
6/18/21,"2",DSCN7111,"3","1029",0.486811836,36.8604694,Stream/Seasonal Channel,"<html xmlns:fo=""http://www.w3.org/1999/XSL/Format"" xmlns:msxsl=""urn:schemas-microsoft-com:xslt"">

<head>

<META http-equiv=""Content-Type"" content=""text/html"">

</head>

<body style=""margin:0px 0px 0px 0px;overflow:auto;background:#FFFFFF;"">

<table style",,,,,"-1","0","-1",,,,0.0072933139384199
6/18/21,"2",DSCN7112,"1","1041",0.499592772,36.85476823,Stream/Seasonal Channel,"<html xmlns:fo=""http://www.w3.org/1999/XSL/Format"" xmlns:msxsl=""urn:schemas-microsoft-com:xslt"">

<head>

<META http-equiv=""Content-Type"" content=""text/html"">

</head>

<body style=""margin:0px 0px 0px 0px;overflow:auto;background:#FFFFFF;"">

<table style",,,,,"-1","0","-1",,,,0.00399416416499026
6/18/21,"2",DSCN7112,"1","1041",0.499592772,36.85476823,Stream/Seasonal Channel,"<html xmlns:fo=""http://www.w3.org/1999/XSL/Format"" xmlns:msxsl=""urn:schemas-microsoft-com:xslt"">

<head>

<META http-equiv=""Content-Type"" content=""text/html"">

</head>

<body style=""margin:0px 0px 0px 0px;overflow:auto;background:#FFFFFF;"">

<table style",,,,,"-1","0","-1",,,,0.00399416416499026
6/18/21,"2",DSCN7112,"1","1041",0.499592772,36.85476823,Stream/Seasonal Channel,"<html xmlns:fo=""http://www.w3.org/1999/XSL/Format"" xmlns:msxsl=""urn:schemas-microsoft-com:xslt"">

<head>

<META http-equiv=""Content-Type"" content=""text/html"">

</head>

<body style=""margin:0px 0px 0px 0px;overflow:auto;background:#FFFFFF;"">

<table style",,,,,"-1","0","-1",,,,0.00399416416499026
6/18/21,"2",DSCN7112,"2","1052",0.500591593,36.84561668,Stream/Seasonal Channel,"<html xmlns:fo=""http://www.w3.org/1999/XSL/Format"" xmlns:msxsl=""urn:schemas-microsoft-com:xslt"">

<head>

<META http-equiv=""Content-Type"" content=""text/html"">

</head>

<body style=""margin:0px 0px 0px 0px;overflow:auto;background:#FFFFFF;"">

<table style",,,,,"-1","0","-1",,,,0.000739504647004998
6/18/21,"2",DSCN7112,"3","1110",0.48732613,36.84671643,Stream/Seasonal Channel,"<html xmlns:fo=""http://www.w3.org/1999/XSL/Format"" xmlns:msxsl=""urn:schemas-microsoft-com:xslt"">

<head>

<META http-equiv=""Content-Type"" content=""text/html"">

</head>

<body style=""margin:0px 0px 0px 0px;overflow:auto;background:#FFFFFF;"">

<table style",,,,,"-1","0","-1",,,,0.00165008414991387
6/18/21,"2",DSCN7113,"1","1121",0.481442805,36.84456876,Stream/Seasonal Channel,"<html xmlns:fo=""http://www.w3.org/1999/XSL/Format"" xmlns:msxsl=""urn:schemas-microsoft-com:xslt"">

<head>

<META http-equiv=""Content-Type"" content=""text/html"">

</head>

<body style=""margin:0px 0px 0px 0px;overflow:auto;background:#FFFFFF;"">

<table style",,,,,"-1","0","-1",,,,0.000590909526789534
6/18/21,"2",DSCN7113,"2","1127",0.472066786,36.85210161,Stream/Seasonal Channel,"<html xmlns:fo=""http://www.w3.org/1999/XSL/Format"" xmlns:msxsl=""urn:schemas-microsoft-com:xslt"">

<head>

<META http-equiv=""Content-Type"" content=""text/html"">

</head>

<body style=""margin:0px 0px 0px 0px;overflow:auto;background:#FFFFFF;"">

<table style",,,,,"-1","0","-1",,,,0.00204493359164608
6/21/21,"1",DSCN3627,"1","1030",0.462287155,36.84102734,Stream/Seasonal Channel,"<html xmlns:fo=""http://www.w3.org/1999/XSL/Format"" xmlns:msxsl=""urn:schemas-microsoft-com:xslt"">

<head>

<META http-equiv=""Content-Type"" content=""text/html"">

</head>

<body style=""margin:0px 0px 0px 0px;overflow:auto;background:#FFFFFF;"">

<table style",,,,,"-1","0","-1",,,,0.00224023377149361
6/21/21,"1",DSCN3627,"2","1053",0.46701693,36.8402486,Stream/Seasonal Channel,"<html xmlns:fo=""http://www.w3.org/1999/XSL/Format"" xmlns:msxsl=""urn:schemas-microsoft-com:xslt"">

<head>

<META http-equiv=""Content-Type"" content=""text/html"">

</head>

<body style=""margin:0px 0px 0px 0px;overflow:auto;background:#FFFFFF;"">

<table style",,,,,"-1","0","-1",,,,0.00343169096582222
6/21/21,"1",DSCN3627,"2","1053",0.46701693,36.8402486,Stream/Seasonal Channel,"<html xmlns:fo=""http://www.w3.org/1999/XSL/Format"" xmlns:msxsl=""urn:schemas-microsoft-com:xslt"">

<head>

<META http-equiv=""Content-Type"" content=""text/html"">

</head>

<body style=""margin:0px 0px 0px 0px;overflow:auto;background:#FFFFFF;"">

<table style",,,,,"-1","0","-1",,,,0.00343169096582222
6/21/21,"1",DSCN3627,"3","1136",0.470712417,36.83985874,Stream/Seasonal Channel,"<html xmlns:fo=""http://www.w3.org/1999/XSL/Format"" xmlns:msxsl=""urn:schemas-microsoft-com:xslt"">

<head>

<META http-equiv=""Content-Type"" content=""text/html"">

</head>

<body style=""margin:0px 0px 0px 0px;overflow:auto;background:#FFFFFF;"">

<table style",,,,,"-1","0","-1",,,,0.00390811733543342
6/21/21,"1",DSCN3627,"3","1136",0.470712417,36.83985874,Stream/Seasonal Channel,"<html xmlns:fo=""http://www.w3.org/1999/XSL/Format"" xmlns:msxsl=""urn:schemas-microsoft-com:xslt"">

<head>

<META http-equiv=""Content-Type"" content=""text/html"">

</head>

<body style=""margin:0px 0px 0px 0px;overflow:auto;background:#FFFFFF;"">

<table style",,,,,"-1","0","-1",,,,0.00390811733543342
6/21/21,"1",DSCN3628,"1","1149",0.483614058,36.84230352,Stream/Seasonal Channel,"<html xmlns:fo=""http://www.w3.org/1999/XSL/Format"" xmlns:msxsl=""urn:schemas-microsoft-com:xslt"">

<head>

<META http-equiv=""Content-Type"" content=""text/html"">

</head>

<body style=""margin:0px 0px 0px 0px;overflow:auto;background:#FFFFFF;"">

<table style",,,,,"-1","0","-1",,,,4.45213743644596e-06
6/21/21,"1",DSCN3628,"2","1253",0.454465578,36.84203038,Stream/Seasonal Channel,"<html xmlns:fo=""http://www.w3.org/1999/XSL/Format"" xmlns:msxsl=""urn:schemas-microsoft-com:xslt"">

<head>

<META http-equiv=""Content-Type"" content=""text/html"">

</head>

<body style=""margin:0px 0px 0px 0px;overflow:auto;background:#FFFFFF;"">

<table style",,,,,"-1","0","-1",,,,7.5203500175383e-05
6/21/21,"2",DSCN7107,"1","1002",0.468119882,36.85876544,Stream/Seasonal Channel,"<html xmlns:fo=""http://www.w3.org/1999/XSL/Format"" xmlns:msxsl=""urn:schemas-microsoft-com:xslt"">

<head>

<META http-equiv=""Content-Type"" content=""text/html"">

</head>

<body style=""margin:0px 0px 0px 0px;overflow:auto;background:#FFFFFF;"">

<table style",,,,,"-1","0","-1",,,,0.00615794984938205
6/21/21,"2",DSCN7107,"2","1008",0.479303033,36.86117933,Stream/Seasonal Channel,"<html xmlns:fo=""http://www.w3.org/1999/XSL/Format"" xmlns:msxsl=""urn:schemas-microsoft-com:xslt"">

<head>

<META http-equiv=""Content-Type"" content=""text/html"">

</head>

<body style=""margin:0px 0px 0px 0px;overflow:auto;background:#FFFFFF;"">

<table style",,,,,"-1","0","-1",,,,0.00179399543923301
6/21/21,"2",DSCN7107,"3","1020",0.483049598,36.86025661,Stream/Seasonal Channel,"<html xmlns:fo=""http://www.w3.org/1999/XSL/Format"" xmlns:msxsl=""urn:schemas-microsoft-com:xslt"">

<head>

<META http-equiv=""Content-Type"" content=""text/html"">

</head>

<body style=""margin:0px 0px 0px 0px;overflow:auto;background:#FFFFFF;"">

<table style",,,,,"-1","0","-1",,,,0.00486559525625775
6/21/21,"2",DSCN7107,"3","1020",0.483049598,36.86025661,Stream/Seasonal Channel,"<html xmlns:fo=""http://www.w3.org/1999/XSL/Format"" xmlns:msxsl=""urn:schemas-microsoft-com:xslt"">

<head>

<META http-equiv=""Content-Type"" content=""text/html"">

</head>

<body style=""margin:0px 0px 0px 0px;overflow:auto;background:#FFFFFF;"">

<table style",,,,,"-1","0","-1",,,,0.00486559525625775
6/21/21,"2",DSCN7108,"1","1034",0.487642345,36.86004173,Stream/Seasonal Channel,"<html xmlns:fo=""http://www.w3.org/1999/XSL/Format"" xmlns:msxsl=""urn:schemas-microsoft-com:xslt"">

<head>

<META http-equiv=""Content-Type"" content=""text/html"">

</head>

<body style=""margin:0px 0px 0px 0px;overflow:auto;background:#FFFFFF;"">

<table style",,,,,"-1","0","-1",,,,0.00809298111464273
6/21/21,"2",DSCN7108,"2","1051",0.488250397,36.8572875,Stream/Seasonal Channel,"<html xmlns:fo=""http://www.w3.org/1999/XSL/Format"" xmlns:msxsl=""urn:schemas-microsoft-com:xslt"">

<head>

<META http-equiv=""Content-Type"" content=""text/html"">

</head>

<body style=""margin:0px 0px 0px 0px;overflow:auto;background:#FFFFFF;"">

<table style",,,,,"-1","0","-1",,,,0.00660294730174092
6/21/21,"2",DSCN7108,"3","1129",0.487708951,36.84743209,Stream/Seasonal Channel,"<html xmlns:fo=""http://www.w3.org/1999/XSL/Format"" xmlns:msxsl=""urn:schemas-microsoft-com:xslt"">

<head>

<META http-equiv=""Content-Type"" content=""text/html"">

</head>

<body style=""margin:0px 0px 0px 0px;overflow:auto;background:#FFFFFF;"">

<table style",,,,,"-1","0","-1",,,,0.00236037672511979
6/22/21,"1",DSCN8000,"1","927",0.481162289,36.84088194,Stream/Seasonal Channel,"<html xmlns:fo=""http://www.w3.org/1999/XSL/Format"" xmlns:msxsl=""urn:schemas-microsoft-com:xslt"">

<head>

<META http-equiv=""Content-Type"" content=""text/html"">

</head>

<body style=""margin:0px 0px 0px 0px;overflow:auto;background:#FFFFFF;"">

<table style",,,,,"-1","0","-1",,,,0.00078208063874599
6/22/21,"1",DSCN8000,"2","951",0.478734676,36.84456276,Stream/Seasonal Channel,"<html xmlns:fo=""http://www.w3.org/1999/XSL/Format"" xmlns:msxsl=""urn:schemas-microsoft-com:xslt"">

<head>

<META http-equiv=""Content-Type"" content=""text/html"">

</head>

<body style=""margin:0px 0px 0px 0px;overflow:auto;background:#FFFFFF;"">

<table style",,,,,"-1","0","-1",,,,0.000110191851652661
6/22/21,"1",DSCN8000,"3","956",0.472788775,36.84103295,Stream/Seasonal Channel,"<html xmlns:fo=""http://www.w3.org/1999/XSL/Format"" xmlns:msxsl=""urn:schemas-microsoft-com:xslt"">

<head>

<META http-equiv=""Content-Type"" content=""text/html"">

</head>

<body style=""margin:0px 0px 0px 0px;overflow:auto;background:#FFFFFF;"">

<table style",,,,,"-1","0","-1",,,,0.00296463795136021
6/22/21,"1",DSCN8001,"1","1011",0.471868615,36.84001501,Stream/Seasonal Channel,"<html xmlns:fo=""http://www.w3.org/1999/XSL/Format"" xmlns:msxsl=""urn:schemas-microsoft-com:xslt"">

<head>

<META http-equiv=""Content-Type"" content=""text/html"">

</head>

<body style=""margin:0px 0px 0px 0px;overflow:auto;background:#FFFFFF;"">

<table style",,,,,"-1","0","-1",,,,0.00396770320962677
6/22/21,"1",DSCN8001,"2","1037",0.462608782,36.83336112,Stream/Seasonal Channel,"<html xmlns:fo=""http://www.w3.org/1999/XSL/Format"" xmlns:msxsl=""urn:schemas-microsoft-com:xslt"">

<head>

<META http-equiv=""Content-Type"" content=""text/html"">

</head>

<body style=""margin:0px 0px 0px 0px;overflow:auto;background:#FFFFFF;"">

<table style",,,,,"-1","0","-1",,,,0.00976790084234426
6/22/21,"1",DSCN8001,"3","1047",0.458429028,36.83380688,Stream/Seasonal Channel,"<html xmlns:fo=""http://www.w3.org/1999/XSL/Format"" xmlns:msxsl=""urn:schemas-microsoft-com:xslt"">

<head>

<META http-equiv=""Content-Type"" content=""text/html"">

</head>

<body style=""margin:0px 0px 0px 0px;overflow:auto;background:#FFFFFF;"">

<table style",,,,,"-1","0","-1",,,,0.00826623356500742
6/22/21,"1",DSCN8002,"1","1102",0.450268108,36.8081354,Stream/Seasonal Channel,"<html xmlns:fo=""http://www.w3.org/1999/XSL/Format"" xmlns:msxsl=""urn:schemas-microsoft-com:xslt"">

<head>

<META http-equiv=""Content-Type"" content=""text/html"">

</head>

<body style=""margin:0px 0px 0px 0px;overflow:auto;background:#FFFFFF;"">

<table style",,,,,"-1","0","-1",,,,0.00333784961633759
6/22/21,"1",DSCN8002,"2","1116",0.462850205,36.83950902,Stream/Seasonal Channel,"<html xmlns:fo=""http://www.w3.org/1999/XSL/Format"" xmlns:msxsl=""urn:schemas-microsoft-com:xslt"">

<head>

<META http-equiv=""Content-Type"" content=""text/html"">

</head>

<body style=""margin:0px 0px 0px 0px;overflow:auto;background:#FFFFFF;"">

<table style",,,,,"-1","0","-1",,,,0.0038301625547123
6/22/21,"1",DSCN8002,"2","1116",0.462850205,36.83950902,Stream/Seasonal Channel,"<html xmlns:fo=""http://www.w3.org/1999/XSL/Format"" xmlns:msxsl=""urn:schemas-microsoft-com:xslt"">

<head>

<META http-equiv=""Content-Type"" content=""text/html"">

</head>

<body style=""margin:0px 0px 0px 0px;overflow:auto;background:#FFFFFF;"">

<table style",,,,,"-1","0","-1",,,,0.0038301625547123
6/22/21,"1",DSCN8002,"3","1139",0.472049501,36.85156438,Stream/Seasonal Channel,"<html xmlns:fo=""http://www.w3.org/1999/XSL/Format"" xmlns:msxsl=""urn:schemas-microsoft-com:xslt"">

<head>

<META http-equiv=""Content-Type"" content=""text/html"">

</head>

<body style=""margin:0px 0px 0px 0px;overflow:auto;background:#FFFFFF;"">

<table style",,,,,"-1","0","-1",,,,0.00150774768239044
6/22/21,"1",DSCN 8003,"1","1214",0.466562639,36.8499989,Stream/Seasonal Channel,"<html xmlns:fo=""http://www.w3.org/1999/XSL/Format"" xmlns:msxsl=""urn:schemas-microsoft-com:xslt"">

<head>

<META http-equiv=""Content-Type"" content=""text/html"">

</head>

<body style=""margin:0px 0px 0px 0px;overflow:auto;background:#FFFFFF;"">

<table style",,,,,"-1","0","-1",,,,0.0010232758605189
6/23/21,"1",DSCN8262,"1","1150",0.463904018,36.84956554,Stream/Seasonal Channel,"<html xmlns:fo=""http://www.w3.org/1999/XSL/Format"" xmlns:msxsl=""urn:schemas-microsoft-com:xslt"">

<head>

<META http-equiv=""Content-Type"" content=""text/html"">

</head>

<body style=""margin:0px 0px 0px 0px;overflow:auto;background:#FFFFFF;"">

<table style",,,,,"-1","0","-1",,,,0.00191791520069793
6/23/21,"1",DSCN8262,"2","1159",0.460097277,36.84117812,Stream/Seasonal Channel,"<html xmlns:fo=""http://www.w3.org/1999/XSL/Format"" xmlns:msxsl=""urn:schemas-microsoft-com:xslt"">

<head>

<META http-equiv=""Content-Type"" content=""text/html"">

</head>

<body style=""margin:0px 0px 0px 0px;overflow:auto;background:#FFFFFF;"">

<table style",,,,,"-1","0","-1",,,,0.00169216330379456
6/23/21,"1",DSCN8262,"3","1206",0.450491249,36.85423951,Stream/Seasonal Channel,"<html xmlns:fo=""http://www.w3.org/1999/XSL/Format"" xmlns:msxsl=""urn:schemas-microsoft-com:xslt"">

<head>

<META http-equiv=""Content-Type"" content=""text/html"">

</head>

<body style=""margin:0px 0px 0px 0px;overflow:auto;background:#FFFFFF;"">

<table style",,,,,"-1","0","-1",,,,0.00653824241568763
6/23/21,"1",DSCN8263,"1","1217",0.448746726,36.85551446,Stream/Seasonal Channel,"<html xmlns:fo=""http://www.w3.org/1999/XSL/Format"" xmlns:msxsl=""urn:schemas-microsoft-com:xslt"">

<head>

<META http-equiv=""Content-Type"" content=""text/html"">

</head>

<body style=""margin:0px 0px 0px 0px;overflow:auto;background:#FFFFFF;"">

<table style",,,,,"-1","0","-1",,,,0.00745503725052492
6/23/21,"1",DSCN8263,"1","1217",0.448746726,36.85551446,Stream/Seasonal Channel,"<html xmlns:fo=""http://www.w3.org/1999/XSL/Format"" xmlns:msxsl=""urn:schemas-microsoft-com:xslt"">

<head>

<META http-equiv=""Content-Type"" content=""text/html"">

</head>

<body style=""margin:0px 0px 0px 0px;overflow:auto;background:#FFFFFF;"">

<table style",,,,,"-1","0","-1",,,,0.00745503725052492
6/23/21,"1",DSCN8258,"1","940",0.486164181,36.86209384,Stream/Seasonal Channel,"<html xmlns:fo=""http://www.w3.org/1999/XSL/Format"" xmlns:msxsl=""urn:schemas-microsoft-com:xslt"">

<head>

<META http-equiv=""Content-Type"" content=""text/html"">

</head>

<body style=""margin:0px 0px 0px 0px;overflow:auto;background:#FFFFFF;"">

<table style",,,,,"-1","0","-1",,,,0.00568148353604788
6/23/21,"2",DSCN8258,"2","942",0.488524586,36.86186387,Stream/Seasonal Channel,"<html xmlns:fo=""http://www.w3.org/1999/XSL/Format"" xmlns:msxsl=""urn:schemas-microsoft-com:xslt"">

<head>

<META http-equiv=""Content-Type"" content=""text/html"">

</head>

<body style=""margin:0px 0px 0px 0px;overflow:auto;background:#FFFFFF;"">

<table style",,,,,"-1","0","-1",,,,0.00632549335311567
6/23/21,"2",DSCN8258,"3","955",0.497832558,36.86732894,Stream/Seasonal Channel,"<html xmlns:fo=""http://www.w3.org/1999/XSL/Format"" xmlns:msxsl=""urn:schemas-microsoft-com:xslt"">

<head>

<META http-equiv=""Content-Type"" content=""text/html"">

</head>

<body style=""margin:0px 0px 0px 0px;overflow:auto;background:#FFFFFF;"">

<table style",,,,,"-1","0","-1",,,,0.00383587189332592
6/23/21,"2",DSCN8258,"3","955",0.497832558,36.86732894,Stream/Seasonal Channel,"<html xmlns:fo=""http://www.w3.org/1999/XSL/Format"" xmlns:msxsl=""urn:schemas-microsoft-com:xslt"">

<head>

<META http-equiv=""Content-Type"" content=""text/html"">

</head>

<body style=""margin:0px 0px 0px 0px;overflow:auto;background:#FFFFFF;"">

<table style",,,,,"-1","0","-1",,,,0.00383587189332592
6/23/21,"2",DSCN8259,"1","1002",0.485628297,36.86177069,Stream/Seasonal Channel,"<html xmlns:fo=""http://www.w3.org/1999/XSL/Format"" xmlns:msxsl=""urn:schemas-microsoft-com:xslt"">

<head>

<META http-equiv=""Content-Type"" content=""text/html"">

</head>

<body style=""margin:0px 0px 0px 0px;overflow:auto;background:#FFFFFF;"">

<table style",,,,,"-1","0","-1",,,,0.00553528077725291
6/23/21,"2",DSCN8259,"2","1014",0.498823178,36.85371225,Stream/Seasonal Channel,"<html xmlns:fo=""http://www.w3.org/1999/XSL/Format"" xmlns:msxsl=""urn:schemas-microsoft-com:xslt"">

<head>

<META http-equiv=""Content-Type"" content=""text/html"">

</head>

<body style=""margin:0px 0px 0px 0px;overflow:auto;background:#FFFFFF;"">

<table style",,,,,"-1","0","-1",,,,0.00490840086812014
6/23/21,"2",DSCN8259,"2","1014",0.498823178,36.85371225,Stream/Seasonal Channel,"<html xmlns:fo=""http://www.w3.org/1999/XSL/Format"" xmlns:msxsl=""urn:schemas-microsoft-com:xslt"">

<head>

<META http-equiv=""Content-Type"" content=""text/html"">

</head>

<body style=""margin:0px 0px 0px 0px;overflow:auto;background:#FFFFFF;"">

<table style",,,,,"-1","0","-1",,,,0.00490840086812014
6/23/21,"2",DSCN8259,"3","1017",0.501393021,36.85091115,Stream/Seasonal Channel,"<html xmlns:fo=""http://www.w3.org/1999/XSL/Format"" xmlns:msxsl=""urn:schemas-microsoft-com:xslt"">

<head>

<META http-equiv=""Content-Type"" content=""text/html"">

</head>

<body style=""margin:0px 0px 0px 0px;overflow:auto;background:#FFFFFF;"">

<table style",,,,,"-1","0","-1",,,,0.00358566087249586
6/23/21,"2",DSCN8260,"1","1029",0.498397601,36.84664488,Stream/Seasonal Channel,"<html xmlns:fo=""http://www.w3.org/1999/XSL/Format"" xmlns:msxsl=""urn:schemas-microsoft-com:xslt"">

<head>

<META http-equiv=""Content-Type"" content=""text/html"">

</head>

<body style=""margin:0px 0px 0px 0px;overflow:auto;background:#FFFFFF;"">

<table style",,,,,"-1","0","-1",,,,0.00133118376682719
6/23/21,"2",DSCN8260,"1","1029",0.498397601,36.84664488,Stream/Seasonal Channel,"<html xmlns:fo=""http://www.w3.org/1999/XSL/Format"" xmlns:msxsl=""urn:schemas-microsoft-com:xslt"">

<head>

<META http-equiv=""Content-Type"" content=""text/html"">

</head>

<body style=""margin:0px 0px 0px 0px;overflow:auto;background:#FFFFFF;"">

<table style",,,,,"-1","0","-1",,,,0.00133118376682719
6/23/21,"2",DSCN8260,"1","1029",0.498397601,36.84664488,Stream/Seasonal Channel,"<html xmlns:fo=""http://www.w3.org/1999/XSL/Format"" xmlns:msxsl=""urn:schemas-microsoft-com:xslt"">

<head>

<META http-equiv=""Content-Type"" content=""text/html"">

</head>

<body style=""margin:0px 0px 0px 0px;overflow:auto;background:#FFFFFF;"">

<table style",,,,,"-1","0","-1",,,,0.00133118376682719
6/23/21,"2",DSCN8260,"2","1039",0.498133825,36.84461536,Stream/Seasonal Channel,"<html xmlns:fo=""http://www.w3.org/1999/XSL/Format"" xmlns:msxsl=""urn:schemas-microsoft-com:xslt"">

<head>

<META http-equiv=""Content-Type"" content=""text/html"">

</head>

<body style=""margin:0px 0px 0px 0px;overflow:auto;background:#FFFFFF;"">

<table style",,,,,"-1","0","-1",,,,0.000285582793301202
6/23/21,"2",DSCN8260,"3","1046",0.494059638,36.84075349,Stream/Seasonal Channel,"<html xmlns:fo=""http://www.w3.org/1999/XSL/Format"" xmlns:msxsl=""urn:schemas-microsoft-com:xslt"">

<head>

<META http-equiv=""Content-Type"" content=""text/html"">

</head>

<body style=""margin:0px 0px 0px 0px;overflow:auto;background:#FFFFFF;"">

<table style",,,,,"-1","0","-1",,,,0.002390686482722
6/23/21,"2",DSCN8260,"3","1046",0.494059638,36.84075349,Stream/Seasonal Channel,"<html xmlns:fo=""http://www.w3.org/1999/XSL/Format"" xmlns:msxsl=""urn:schemas-microsoft-com:xslt"">

<head>

<META http-equiv=""Content-Type"" content=""text/html"">

</head>

<body style=""margin:0px 0px 0px 0px;overflow:auto;background:#FFFFFF;"">

<table style",,,,,"-1","0","-1",,,,0.002390686482722
6/23/21,"2",DSCN8261,"1","1106",0.486580468,36.8400883,Stream/Seasonal Channel,"<html xmlns:fo=""http://www.w3.org/1999/XSL/Format"" xmlns:msxsl=""urn:schemas-microsoft-com:xslt"">

<head>

<META http-equiv=""Content-Type"" content=""text/html"">

</head>

<body style=""margin:0px 0px 0px 0px;overflow:auto;background:#FFFFFF;"">

<table style",,,,,"-1","0","-1",,,,0.00319396994679522
6/23/21,"2",DSCN8261,"1","1106",0.486580468,36.8400883,Stream/Seasonal Channel,"<html xmlns:fo=""http://www.w3.org/1999/XSL/Format"" xmlns:msxsl=""urn:schemas-microsoft-com:xslt"">

<head>

<META http-equiv=""Content-Type"" content=""text/html"">

</head>

<body style=""margin:0px 0px 0px 0px;overflow:auto;background:#FFFFFF;"">

<table style",,,,,"-1","0","-1",,,,0.00319396994679522
6/24/21,"1",DSCN5568,"1","1143",0.479576827,36.83947116,Stream/Seasonal Channel,"<html xmlns:fo=""http://www.w3.org/1999/XSL/Format"" xmlns:msxsl=""urn:schemas-microsoft-com:xslt"">

<head>

<META http-equiv=""Content-Type"" content=""text/html"">

</head>

<body style=""margin:0px 0px 0px 0px;overflow:auto;background:#FFFFFF;"">

<table style",,,,,"-1","0","-1",,,,0.000523946576441109
6/24/21,"1",DSCN5568,"2","1159",0.478699419,36.84138812,Stream/Seasonal Channel,"<html xmlns:fo=""http://www.w3.org/1999/XSL/Format"" xmlns:msxsl=""urn:schemas-microsoft-com:xslt"">

<head>

<META http-equiv=""Content-Type"" content=""text/html"">

</head>

<body style=""margin:0px 0px 0px 0px;overflow:auto;background:#FFFFFF;"">

<table style",,,,,"-1","0","-1",,,,0.00260886544946214
6/24/21,"1",DSCN5568,"3","1240",0.465796213,36.8498703,Stream/Seasonal Channel,"<html xmlns:fo=""http://www.w3.org/1999/XSL/Format"" xmlns:msxsl=""urn:schemas-microsoft-com:xslt"">

<head>

<META http-equiv=""Content-Type"" content=""text/html"">

</head>

<body style=""margin:0px 0px 0px 0px;overflow:auto;background:#FFFFFF;"">

<table style",,,,,"-1","0","-1",,,,0.00136502109834169
6/24/21,"1",DSCN5569,"1","1221",0.481201228,36.84053526,Stream/Seasonal Channel,"<html xmlns:fo=""http://www.w3.org/1999/XSL/Format"" xmlns:msxsl=""urn:schemas-microsoft-com:xslt"">

<head>

<META http-equiv=""Content-Type"" content=""text/html"">

</head>

<body style=""margin:0px 0px 0px 0px;overflow:auto;background:#FFFFFF;"">

<table style",,,,,"-1","0","-1",,,,0.0004823601222987
6/24/21,"1",DSCN5569,"1","1221",0.481201228,36.84053526,Stream/Seasonal Channel,"<html xmlns:fo=""http://www.w3.org/1999/XSL/Format"" xmlns:msxsl=""urn:schemas-microsoft-com:xslt"">

<head>

<META http-equiv=""Content-Type"" content=""text/html"">

</head>

<body style=""margin:0px 0px 0px 0px;overflow:auto;background:#FFFFFF;"">

<table style",,,,,"-1","0","-1",,,,0.0004823601222987
6/24/21,"2",DSCN5581,"1","1001",0.491447305,36.85606796,Stream/Seasonal Channel,"<html xmlns:fo=""http://www.w3.org/1999/XSL/Format"" xmlns:msxsl=""urn:schemas-microsoft-com:xslt"">

<head>

<META http-equiv=""Content-Type"" content=""text/html"">

</head>

<body style=""margin:0px 0px 0px 0px;overflow:auto;background:#FFFFFF;"">

<table style",,,,,"-1","0","-1",,,,0.00580277882825988
6/24/21,"2",DSCN5581,"2","1028",0.501268394,36.84943112,Stream/Seasonal Channel,"<html xmlns:fo=""http://www.w3.org/1999/XSL/Format"" xmlns:msxsl=""urn:schemas-microsoft-com:xslt"">

<head>

<META http-equiv=""Content-Type"" content=""text/html"">

</head>

<body style=""margin:0px 0px 0px 0px;overflow:auto;background:#FFFFFF;"">

<table style",,,,,"-1","0","-1",,,,0.00210040645249515
6/24/21,"2",DSCN5581,"2","1028",0.501268394,36.84943112,Stream/Seasonal Channel,"<html xmlns:fo=""http://www.w3.org/1999/XSL/Format"" xmlns:msxsl=""urn:schemas-microsoft-com:xslt"">

<head>

<META http-equiv=""Content-Type"" content=""text/html"">

</head>

<body style=""margin:0px 0px 0px 0px;overflow:auto;background:#FFFFFF;"">

<table style",,,,,"-1","0","-1",,,,0.00210040645249515
6/24/21,"2",DSCN5581,"3","1052",0.49736136,36.84057105,Stream/Seasonal Channel,"<html xmlns:fo=""http://www.w3.org/1999/XSL/Format"" xmlns:msxsl=""urn:schemas-microsoft-com:xslt"">

<head>

<META http-equiv=""Content-Type"" content=""text/html"">

</head>

<body style=""margin:0px 0px 0px 0px;overflow:auto;background:#FFFFFF;"">

<table style",,,,,"-1","0","-1",,,,0.0033898219676082
6/24/21,"2",DSCN5567,"1","1113",0.481974287,36.84456244,Stream/Seasonal Channel,"<html xmlns:fo=""http://www.w3.org/1999/XSL/Format"" xmlns:msxsl=""urn:schemas-microsoft-com:xslt"">

<head>

<META http-equiv=""Content-Type"" content=""text/html"">

</head>

<body style=""margin:0px 0px 0px 0px;overflow:auto;background:#FFFFFF;"">

<table style",,,,,"-1","0","-1",,,,0.000662793362832698
6/25/21,"1",DSCN1592,"1","941",0.427487015,36.85246146,Stream/Seasonal Channel,"<html xmlns:fo=""http://www.w3.org/1999/XSL/Format"" xmlns:msxsl=""urn:schemas-microsoft-com:xslt"">

<head>

<META http-equiv=""Content-Type"" content=""text/html"">

</head>

<body style=""margin:0px 0px 0px 0px;overflow:auto;background:#FFFFFF;"">

<table style",,,,,"-1","0","-1",,,,0.0115202269327419
6/25/21,"1",DSCN1592,"2","1007",0.468710434,36.84056208,Stream/Seasonal Channel,"<html xmlns:fo=""http://www.w3.org/1999/XSL/Format"" xmlns:msxsl=""urn:schemas-microsoft-com:xslt"">

<head>

<META http-equiv=""Content-Type"" content=""text/html"">

</head>

<body style=""margin:0px 0px 0px 0px;overflow:auto;background:#FFFFFF;"">

<table style",,,,,"-1","0","-1",,,,0.00348270537642832
6/25/21,"1",DSCN1592,"3","1020",0.469789343,36.84041403,Stream/Seasonal Channel,"<html xmlns:fo=""http://www.w3.org/1999/XSL/Format"" xmlns:msxsl=""urn:schemas-microsoft-com:xslt"">

<head>

<META http-equiv=""Content-Type"" content=""text/html"">

</head>

<body style=""margin:0px 0px 0px 0px;overflow:auto;background:#FFFFFF;"">

<table style",,,,,"-1","0","-1",,,,0.00342402947389213
6/25/21,"1",DSCN5572,"1","1125",0.475955497,36.85039919,Stream/Seasonal Channel,"<html xmlns:fo=""http://www.w3.org/1999/XSL/Format"" xmlns:msxsl=""urn:schemas-microsoft-com:xslt"">

<head>

<META http-equiv=""Content-Type"" content=""text/html"">

</head>

<body style=""margin:0px 0px 0px 0px;overflow:auto;background:#FFFFFF;"">

<table style",,,,,"-1","0","-1",,,,0.000447231742590832
6/25/21,"1",DSCN5572,"2","1140",0.451013563,36.84301555,Stream/Seasonal Channel,"<html xmlns:fo=""http://www.w3.org/1999/XSL/Format"" xmlns:msxsl=""urn:schemas-microsoft-com:xslt"">

<head>

<META http-equiv=""Content-Type"" content=""text/html"">

</head>

<body style=""margin:0px 0px 0px 0px;overflow:auto;background:#FFFFFF;"">

<table style",,,,,"-1","0","-1",,,,0.00135293369058482
6/25/21,"1",DSCN5579,"1","1025",0.473562515,36.8365717,Stream/Seasonal Channel,"<html xmlns:fo=""http://www.w3.org/1999/XSL/Format"" xmlns:msxsl=""urn:schemas-microsoft-com:xslt"">

<head>

<META http-equiv=""Content-Type"" content=""text/html"">

</head>

<body style=""margin:0px 0px 0px 0px;overflow:auto;background:#FFFFFF;"">

<table style",,,,,"-1","0","-1",,,,0.00353093314643117
6/25/21,"1",DSCN5579,"2","1039",0.480249283,36.84417399,Stream/Seasonal Channel,"<html xmlns:fo=""http://www.w3.org/1999/XSL/Format"" xmlns:msxsl=""urn:schemas-microsoft-com:xslt"">

<head>

<META http-equiv=""Content-Type"" content=""text/html"">

</head>

<body style=""margin:0px 0px 0px 0px;overflow:auto;background:#FFFFFF;"">

<table style",,,,,"-1","0","-1",,,,2.8273594346814e-05
6/25/21,"1",DSCN5579,"3","1100",0.465458574,36.83977468,Stream/Seasonal Channel,"<html xmlns:fo=""http://www.w3.org/1999/XSL/Format"" xmlns:msxsl=""urn:schemas-microsoft-com:xslt"">

<head>

<META http-equiv=""Content-Type"" content=""text/html"">

</head>

<body style=""margin:0px 0px 0px 0px;overflow:auto;background:#FFFFFF;"">

<table style",,,,,"-1","0","-1",,,,0.00389254564507786
6/28/21,"1",DSCN5580,"1","1122",0.466316845,36.85124417,Stream/Seasonal Channel,"<html xmlns:fo=""http://www.w3.org/1999/XSL/Format"" xmlns:msxsl=""urn:schemas-microsoft-com:xslt"">

<head>

<META http-equiv=""Content-Type"" content=""text/html"">

</head>

<body style=""margin:0px 0px 0px 0px;overflow:auto;background:#FFFFFF;"">

<table style",,,,,"-1","0","-1",,,,9.04530936997436e-05
6/28/21,"1",DSCN5580,"2","1158",0.463082854,36.84269619,Stream/Seasonal Channel,"<html xmlns:fo=""http://www.w3.org/1999/XSL/Format"" xmlns:msxsl=""urn:schemas-microsoft-com:xslt"">

<head>

<META http-equiv=""Content-Type"" content=""text/html"">

</head>

<body style=""margin:0px 0px 0px 0px;overflow:auto;background:#FFFFFF;"">

<table style",,,,,"-1","0","-1",,,,0.000736558118869455
6/28/21,"1",DSCN5580,"2","1158",0.463082854,36.84269619,Stream/Seasonal Channel,"<html xmlns:fo=""http://www.w3.org/1999/XSL/Format"" xmlns:msxsl=""urn:schemas-microsoft-com:xslt"">

<head>

<META http-equiv=""Content-Type"" content=""text/html"">

</head>

<body style=""margin:0px 0px 0px 0px;overflow:auto;background:#FFFFFF;"">

<table style",,,,,"-1","0","-1",,,,0.000736558118869455
6/28/21,"1",DSCN5580,"3","1215",0.462005132,36.84030864,Stream/Seasonal Channel,"<html xmlns:fo=""http://www.w3.org/1999/XSL/Format"" xmlns:msxsl=""urn:schemas-microsoft-com:xslt"">

<head>

<META http-equiv=""Content-Type"" content=""text/html"">

</head>

<body style=""margin:0px 0px 0px 0px;overflow:auto;background:#FFFFFF;"">

<table style",,,,,"-1","0","-1",,,,0.00289096529722848
6/28/21,"2",DSCN7830,"1","1009",0.49560426,36.85397991,Stream/Seasonal Channel,"<html xmlns:fo=""http://www.w3.org/1999/XSL/Format"" xmlns:msxsl=""urn:schemas-microsoft-com:xslt"">

<head>

<META http-equiv=""Content-Type"" content=""text/html"">

</head>

<body style=""margin:0px 0px 0px 0px;overflow:auto;background:#FFFFFF;"">

<table style",,,,,"-1","0","-1",,,,0.00539596712515291
6/28/21,"2",DSCN7830,"2","1032",0.494227009,36.8411039,Stream/Seasonal Channel,"<html xmlns:fo=""http://www.w3.org/1999/XSL/Format"" xmlns:msxsl=""urn:schemas-microsoft-com:xslt"">

<head>

<META http-equiv=""Content-Type"" content=""text/html"">

</head>

<body style=""margin:0px 0px 0px 0px;overflow:auto;background:#FFFFFF;"">

<table style",,,,,"-1","0","-1",,,,0.0020921546127009
6/29/21,"1",DSCN0531,"1","1028",0.448910279,36.84308414,Stream/Seasonal Channel,"<html xmlns:fo=""http://www.w3.org/1999/XSL/Format"" xmlns:msxsl=""urn:schemas-microsoft-com:xslt"">

<head>

<META http-equiv=""Content-Type"" content=""text/html"">

</head>

<body style=""margin:0px 0px 0px 0px;overflow:auto;background:#FFFFFF;"">

<table style",,,,,"-1","0","-1",,,,0.00199474245242726
6/29/21,"1",DSCN0531,"2","1037",0.453009512,36.8404217,Stream/Seasonal Channel,"<html xmlns:fo=""http://www.w3.org/1999/XSL/Format"" xmlns:msxsl=""urn:schemas-microsoft-com:xslt"">

<head>

<META http-equiv=""Content-Type"" content=""text/html"">

</head>

<body style=""margin:0px 0px 0px 0px;overflow:auto;background:#FFFFFF;"">

<table style",,,,,"-1","0","-1",,,,0.0017460273973091
6/29/21,"1",DSCN0531,"3","1044",0.461981143,36.84051746,Stream/Seasonal Channel,"<html xmlns:fo=""http://www.w3.org/1999/XSL/Format"" xmlns:msxsl=""urn:schemas-microsoft-com:xslt"">

<head>

<META http-equiv=""Content-Type"" content=""text/html"">

</head>

<body style=""margin:0px 0px 0px 0px;overflow:auto;background:#FFFFFF;"">

<table style",,,,,"-1","0","-1",,,,0.00268156069672183
6/29/21,"1",DSCN0532,"1","1057",0.467679028,36.83982995,Stream/Seasonal Channel,"<html xmlns:fo=""http://www.w3.org/1999/XSL/Format"" xmlns:msxsl=""urn:schemas-microsoft-com:xslt"">

<head>

<META http-equiv=""Content-Type"" content=""text/html"">

</head>

<body style=""margin:0px 0px 0px 0px;overflow:auto;background:#FFFFFF;"">

<table style",,,,,"-1","0","-1",,,,0.00397252563212232
6/29/21,"1",DSCN0532,"2","1112",0.476218927,36.84114887,Stream/Seasonal Channel,"<html xmlns:fo=""http://www.w3.org/1999/XSL/Format"" xmlns:msxsl=""urn:schemas-microsoft-com:xslt"">

<head>

<META http-equiv=""Content-Type"" content=""text/html"">

</head>

<body style=""margin:0px 0px 0px 0px;overflow:auto;background:#FFFFFF;"">

<table style",,,,,"-1","0","-1",,,,0.00309291216464917
6/29/21,"1",DSCN0532,"2","1112",0.476218927,36.84114887,Stream/Seasonal Channel,"<html xmlns:fo=""http://www.w3.org/1999/XSL/Format"" xmlns:msxsl=""urn:schemas-microsoft-com:xslt"">

<head>

<META http-equiv=""Content-Type"" content=""text/html"">

</head>

<body style=""margin:0px 0px 0px 0px;overflow:auto;background:#FFFFFF;"">

<table style",,,,,"-1","0","-1",,,,0.00309291216464917
6/29/21,"1",DSCN0532,"3","1132",0.482158269,36.84013078,Stream/Seasonal Channel,"<html xmlns:fo=""http://www.w3.org/1999/XSL/Format"" xmlns:msxsl=""urn:schemas-microsoft-com:xslt"">

<head>

<META http-equiv=""Content-Type"" content=""text/html"">

</head>

<body style=""margin:0px 0px 0px 0px;overflow:auto;background:#FFFFFF;"">

<table style",,,,,"-1","0","-1",,,,0.000418250241871566
6/29/21,"1",DSCN0533,"1","1144",0.465138546,36.82820459,Stream/Seasonal Channel,"<html xmlns:fo=""http://www.w3.org/1999/XSL/Format"" xmlns:msxsl=""urn:schemas-microsoft-com:xslt"">

<head>

<META http-equiv=""Content-Type"" content=""text/html"">

</head>

<body style=""margin:0px 0px 0px 0px;overflow:auto;background:#FFFFFF;"">

<table style",,,,,"-1","0","-1",,,,0.00590286395660725
6/29/21,"1",DSCN0533,"2","1201",0.439872541,36.84942257,Stream/Seasonal Channel,"<html xmlns:fo=""http://www.w3.org/1999/XSL/Format"" xmlns:msxsl=""urn:schemas-microsoft-com:xslt"">

<head>

<META http-equiv=""Content-Type"" content=""text/html"">

</head>

<body style=""margin:0px 0px 0px 0px;overflow:auto;background:#FFFFFF;"">

<table style",,,,,"-1","0","-1",,,,0.00587883856995441
